<?xml version="1.0" encoding="utf-8"?>
<resource>
    <knob>
        <knobname>S1</knobname>
        <knoblayer>
            <basicnode>
                <nodename>S1_0</nodename>
                <cost>10</cost>
                <quality>10</quality>
            </basicnode>
        </knoblayer>
        <knoblayer>
            <basicnode>
                <nodename>S1_1</nodename>
                <cost>20</cost>
                <quality>20</quality>
            </basicnode>
        </knoblayer>
        <knoblayer>
            <basicnode>
                <nodename>S1_2</nodename>
                <cost>30</cost>
                <quality>30</quality>
            </basicnode>
        </knoblayer>
        <knoblayer>
            <basicnode>
                <nodename>S1_3</nodename>
                <cost>40</cost>
                <quality>40</quality>
            </basicnode>
        </knoblayer>
        <knoblayer>
            <basicnode>
                <nodename>S1_4</nodename>
                <cost>50</cost>
                <quality>50</quality>
            </basicnode>
        </knoblayer>
        <knoblayer>
            <basicnode>
                <nodename>S1_5</nodename>
                <cost>60</cost>
                <quality>60</quality>
            </basicnode>
        </knoblayer>
        <knoblayer>
            <basicnode>
                <nodename>S1_6</nodename>
                <cost>70</cost>
                <quality>70</quality>
            </basicnode>
        </knoblayer>
        <knoblayer>
            <basicnode>
                <nodename>S1_7</nodename>
                <cost>80</cost>
                <quality>80</quality>
            </basicnode>
        </knoblayer>
        <knoblayer>
            <basicnode>
                <nodename>S1_8</nodename>
                <cost>90</cost>
                <quality>90</quality>
            </basicnode>
        </knoblayer>
        <knoblayer>
            <basicnode>
                <nodename>S1_9</nodename>
                <cost>100</cost>
                <quality>100</quality>
            </basicnode>
        </knoblayer>
    </knob>
    <knob>
        <knobname>S2</knobname>
        <knoblayer>
            <basicnode>
                <nodename>S2_0</nodename>
                <cost>10</cost>
                <quality>10</quality>
                <and>S1_0</and>
                <and>S1_1</and>
                <and>S1_2</and>
            </basicnode>
        </knoblayer>
        <knoblayer>
            <basicnode>
                <nodename>S2_1</nodename>
                <cost>20</cost>
                <quality>20</quality>
                <and>S1_2</and>
                <and>S1_3</and>
            </basicnode>
        </knoblayer>
    </knob>
</resource>
