d95bbe28-71ea-4b9a-8a3b-77d245766963	Kitchen	BELLA LINEA 2 Slice Toaster with Extra Wide Slot, Color Teal
88ca9249-c177-405a-b744-2e351a94fcb8	Kitchen	Now Designs Butter Dish
21910122-3676-4150-b1b0-256868a634b8	Kitchen	Black & Decker T4569B 4 Slice Toaster - Black
290296ea-0206-4d0b-b7e7-0c3c2609c13e	Kitchen	Kosma Stainless Steel Fish Tray | Serving Tray | Platter | Roast Meat Plate | Fish Platter (Deep Oval) - 60cm
1fef9581-799b-4ec1-90f8-c48c506376a0	Kitchen	Penguin Chef Spoon Holder
ab42b690-be52-40b5-a4ea-28e88e47df0e	Jewelry	ORIGIA Handcraft Malachite Stone Bead Strand Necklace Various Styles
f91b02d0-0525-4ea3-a9d7-d658ec8c08b5	Jewelry	Stainless steel 4.5 in and 27 in.military dog tag ball chain, 2.4mm #3
651e7abf-1efe-4864-9650-718b156ff1d4	Kitchen	Presto Stainless Steel Deep Fryer
540d0439-3b80-477b-a05c-420845724217	Jewelry	KONOV Mens Vintage Angel Wing Cross Pendant Brown Leather Cord Necklace Chain, Silver
52fa758f-dea8-47c9-962a-6bdc704e4314	Kitchen	Ozeri Pronto Digital Multifunction Kitchen and Food Scale, Elegant Black
0b462703-f50d-4a09-9a5e-66b5426359c0	Jewelry	.925 Sterling Silver Princess Cut Blue Simulated Sapphire & Cz Ring Size 9
50c40578-0d5a-4c13-8fcd-92cf597755ad	Kitchen	Norpro 10-Piece Wok Set
cd1b8922-938f-42bb-afa6-67527d49aa03	Jewelry	"KONOV Black Leather Mens Bracelet Stainless Steel Clasp, 8mm - 7.5"", 8"", 8.5"", 9"""
f0f15b00-3fac-4f44-9de3-e9d3ffd0e7e5	Jewelry	PiercedOff Tribal Fan with Clear Gems Non-Piercing Septum Hanger
14f27888-1a6e-4b65-bc2f-3e95dee278ce	Jewelry	Black Cherry Amber Silver 925 Leverback Contemporary Earrings
acdf54e5-9bdd-43c2-90fb-a96d19e5ef0a	Jewelry	Sterling Silver Cubic Zirconia Halo Ring
119afab6-8666-4ca3-8f56-a1b550c7819c	Jewelry	"(2pcs) Tentacle Wrap Industrial Barbell 14G 1&1/2"""
8951b890-3596-4144-893d-3bf84b41293f	Kitchen	Panasonic NN-SN686S Countertop/Built-In Microwave with Inverter Technology
49633707-895e-43da-8ee1-470a13ad0f00	Jewelry	Lifetime Jewelry 1MM Rope Chain, 24K Gold with Inlaid Bronze, Premium Fashion Jewelry, Pendant Necklace Made Thin For Charms, Guaranteed for Life, 16 to 30 Inches
886fe965-38be-43e5-a42b-1e7e2c8eae0a	Kitchen	Vidalia Chop Wizard
f282c81f-bd75-4959-b235-729e60577943	Kitchen	FoPerry's - Eco-Friendly High Heat Resistant Silicone BBQ Grill/Oven Gloves - Bundled With A Grill Mat ★
e17687dd-ecef-4ef9-aa25-ba64dfa2cb5e	Kitchen	Awesome Meat Injector with 3 Needles Creates the Juiciest Turkey and BBQ ever! Cleaning Brushes + 100% Food-Grade Materials = Guaranteed to Keep Your Family Safe!
07433e27-bf86-49af-8831-526c82d49288	Kitchen	Oster 2-Speed Immersion Blender with Stainless Steel Blade and Bonus Measuring Cup, FPSTHB2615B
3fb17f46-cb96-4a9c-b635-03b1019cc1c3	Kitchen	Foodsaver V4880 Fully Automatic Vacuum Sealing System Bonus: Handheld Sealer, Freshsaver Container, Wine Stopper
5304729d-a9aa-45c0-a399-998c8400d18e	Kitchen	BlenderBottle Classic Shaker Bottle
aeb9facf-7fef-4c99-b52f-a291426d2bed	Jewelry	STR-0123 Stainless Steel Black IP with Heartbeat Laser Etched Band Ring
e0767353-7b94-49b4-b848-38177dd96ba6	Kitchen	Alchemade Copper Barrel Mug for Moscow MulesÊby Alchemade
57d25b57-ff6b-4eb4-ae1b-18152f2a47fd	Kitchen	OliaDesign Set of 12 Pony PVC Toy Cake Topper Twilight Sparkle Figure Set
40c59ec2-a0f0-420b-88d0-bc0bb135fe45	Jewelry	14G 3/8 Inch 316L Tribal Winged Heart With Gem Black Top Down Navel Ring 416
dd22d7e0-5944-42a9-b66c-865d5280bd9e	Jewelry	Women's Round Cut Pink Zirconia Black Stainless Steel Heart Fashion Ring Sz 5-10
dbe54ba8-bfc7-4d6f-b112-03036ef8e51a	Jewelry	"Round Simulated Birthstone Crystal Accent Silvertone Tennis Bracelet 7""- March- Simulated Aquamarine"
305d8633-1e2e-403e-abc6-5369563f49eb	Jewelry	Stainless Steel Round Ball Stud Earrings 2mm 3mm 4mm 5mm 6mm 5 Pair Set
419d8142-c88a-460c-8cd4-8538b9a473ed	Jewelry	Nike Baller ID Bands
967aedc0-6137-4eef-b5cd-3fe9d6f1b391	Jewelry	Tomas Jewelry Sterling Silver Lotus Ring
a18cef35-51f7-46e7-8e6a-8d50dedee556	Kitchen	Panasonic Flash Xpress Toaster Oven
29a75118-12f0-4d0b-8a87-5ff529fc7fd8	Kitchen	32 oz. (Ounce) Restaurant Tumbler Beverage Cup, Stackable Cups, Break-Resistant Commerical Plastic, Set of 4 - Blue
fbee28b6-b557-42b7-9899-527b6cf1f9ff	Jewelry	14K Gold White Freshwater Cultured Pearl Stud Earrings - AAAA Quality
a70f847f-dab6-4649-ab48-2f794130f672	Kitchen	Hamilton Beach Toastation Toaster Oven
18249797-6bcf-40d4-bf99-20237b6ef3ed	Jewelry	eKingstore Attack on Titan Shingeki No Kyojin Cosplay Costume Bracelet Hand Strap
eec61f08-83e0-4f4e-983e-43884cb834b9	Jewelry	"Sterling Silver and Diamond Double Heart Pendant Necklace (1/10 cttw, I-J Color, I2-I3 Clarity), 18"""
68edb75d-ff01-444f-b4eb-b7e5099636fe	Jewelry	Gold and Silver Toned Full Size Electric Guitar Tie Clip
da61bcb7-d0b3-4524-a387-3d1e2ea502d4	Jewelry	Zoohu Cat Shape Metal Wire Earring Holder / Earring Tree / Earring Oraganizer / Earring Stand / Earring Display (Black)
2aaa030a-fc79-4f41-a3d2-c1a1997b97e4	Kitchen	Vac-Fresh Roll Vacuum Sealer Bags, 11 inch x 50 feet, 3.5mil, Compatible with all Food Save Vacuum Sealers, 1 Roll
1b652740-25b8-4723-b264-59814e394d8b	Jewelry	Heart Shaped Ear Elephant Necklace Charm Pendant Animal Lover Gift for Mom Women
e44b9442-6f8e-4894-8c47-5f5e1e9a0827	Jewelry	Vintage Black Eagle Punk Rock Stainless Steel Biker Ring Size 7-13
a0d00114-e174-4e2c-b99e-d7a68d17532f	Jewelry	"Two-Tone Sterling Silver ""Be"" Graffiti Charm Necklace, 18"""
ce32b179-f0ea-473d-b912-173a632001de	Kitchen	Ivation IVA-ICEM25WH Portable Ice Maker with LCD Display, White
810370e9-4456-4ba1-a26c-f707136a04a2	Kitchen	Bodum Pebo Vacuum Coffee Maker
72db976c-c2c8-482e-99e8-78745752be9b	Kitchen	Tyvek Wristbands (blue) (100/Pkg)
2d0693cd-7475-48fe-943d-1eb444a7cc9f	Jewelry	Fashion Brand 925 Sterling Silver Heart Love Chain Bracelet
e5466a9b-1ef1-4a07-8ec5-bfd8c94eeb25	Kitchen	Top Choice Imports 6-Piece Popsicle Molds Set
f3436acb-e082-4338-8f31-03ebd0ae95bb	Jewelry	GWOOD Medusa Necklace Gold/Black Color Pendant With 24 Inch Long 5mm Wide Figaro Chain
d5973203-b8f9-44cd-857a-093caa1a556a	Jewelry	Novel Box® Glass Top Black Jewelry Display Case + 72 or 36 Slot Ring Display Insert + Custom NB Pouch …
6a277909-3b88-4e28-b450-59602416f1f0	Jewelry	KONOV Womens Cubic Zirconia Stainless Steel Bracelet, Cross Heart Cuff Bangle, Silver
598a71b5-3a5d-44da-b1ce-b5703c280f37	Kitchen	Arcachon Bay Products Pepper Mill PM-01, Salt and Pepper Grinder Set Buy Two, Salt and Pepper Shakers, Spice Mill
993d5adf-4ade-4a2c-bec9-36d131b6298a	Kitchen	Summit SWC1875 108 Bottle Capacity Full-sized Built-in Dual-Zone Wine Cellar Recessed LED Lighting Automatic Defrost Factory Installed
ba1ec894-160d-43b6-b7c3-fe6b825d2d40	Kitchen	Wilton Industries 2105-2390 12-Cavity Donut Pan
dccf0b4f-8d2d-4c33-b588-879be1bcbea6	Jewelry	Unique Tungsten Cross Pendant .4mm wide Surgical Stainless Steel Box Chain. Blue Carbon Fiber Inlay.
25767218-a029-4263-adb7-cbcb763e1e5d	Jewelry	KONOV Mens Womens Celtic Knot Stainless Steel Pendant Necklace, Black Silver, 24 inch Chain
f5715cef-ec6d-45d5-9af2-8e6d50f3edce	Jewelry	2 Necklaces For You and Your BFF, PARTNERS IN CRIME, Ours Alone! USA!
23bd433d-8e74-41f8-a3c2-52907c809a77	Jewelry	8MM Men's Titanium Ring Wedding Band | Black Plated Eternity Ring | Channel Set Black Round CZ
53e2bbbd-b184-4e34-9071-bb1eaa0e5dbf	Kitchen	Oxo International 31781 Good Grips Corkscrew, Curved-Wing, Black
ba41ac60-29e5-4f85-b7ff-dc3e611a8f8e	Jewelry	KONOV Mens Angel Wing Stainless Steel Pendant Necklace, Black Silver, 24 inch Chain
f174db82-1d72-4fcd-bd84-227f6d3d7c19	Kitchen	24pcs Cake Puff Decorating Icing Nozzles Piping Sugarcraft Pastry Tips Tool Set
127c6cec-3c6e-4d90-855b-b493c36c3731	Kitchen	Teika Clack Ingenuous Tool for Removing Top of Soft or Hard Boiled Egg
8409e4b3-e581-43fd-af64-121744145d5e	Jewelry	Light Pink Crystal Beads Rosary Catholic Necklace Miraculous Medal & Crucifix
533bdb5c-c6ad-4cd6-b907-0163e07d0047	Jewelry	14k Yellow Gold White Cultured Freshwater Pearl Dangle Earrings (5.5-6mm and 9-10mm)
5670387f-84ab-46cc-b204-a0ad2758a3fe	Jewelry	Amulet Spiritual Protection Black Agate Crystal Point Wand Pendant Necklace
518a2c95-bbb4-4ec0-a16d-de2ea7e4cf7a	Jewelry	6mm to 16mm ear plugs Dyed stone double flare Organic piercing MoDTanOiz ** Buy 2 get $2 discount
ca820d3b-eef1-415f-b296-207ac5122ed9	Kitchen	Jollylife(TM) Star Wars Darth Vader & Storm Trooper Silicon Ice Cube Tray Set of 2
f8f28381-06aa-42fb-920a-231d3a831a7e	Jewelry	Blue Round Cut Cubic Zirconia CZ Sterling Silver Stud Earrings 7mm
c8dd7cef-5fec-49b8-a7b0-400a7dde64fa	Jewelry	Towall Women's Gold Belly Chain Sexy Bikini Body Chain Infinity Belly Chain
8afd8bf7-d2f0-487a-9f9f-858cc0995e99	Jewelry	"Sterling Silver Tri-Colored Floating Three Heart Pendant Necklace , 18"""
422941cf-3106-4924-8ede-8436983a7909	Kitchen	Epica Automatic Electric Milk Frother and Heater Carafe
721a0c02-e8fc-475f-8d37-257c898f3703	Jewelry	Bling Jewelry CZ Rose Gold Plated Silver Huggie Hoop Earrings
64893fae-53d6-41da-8c33-8c9aeaa3bcf3	Kitchen	PackIt Personal Cooler - Black
fdb6ffb4-3c18-4ea3-8d5c-bd159677edaf	Jewelry	"Steve Madden Pave Circle Necklace, 16"""
9a969ea5-c221-40bb-8d9b-c79c8315f24f	Kitchen	Ball Mason 4oz Quilted Jelly Jars with Lids and Bands, Set of 12
ae69ce72-c293-4285-a8db-3e0e8232d029	Jewelry	Judges Gavel Dangle Charm Bead
36a60fe8-7b41-4076-aa75-eb3d09af2b78	Jewelry	Men's Titanium 8MM Flat High Polish/Brush Finish Wedding Band Ring w/ FREE gift box (Sizes 7 to 13.5)
ac96af78-b25e-4c39-a9b4-f7b78b5926b6	Kitchen	Pyrex No Leak Lids Food Storage Round Container
ba38d7db-a3db-4506-927d-5203250c296a	Kitchen	FoodSaver Special Value Vacuum Seal Combo Pack
77761182-df4b-4abd-861d-e5420076ee4f	Kitchen	Oster Large Capacity Countertop 6-Slice Digital Convection Toaster Oven, Black/Polished Stainless, TSSTTVMNDG
2a78be68-550c-4e1b-933e-5509fb352b0a	Kitchen	Moderna Artisan Series Double Wall 2 oz Beverage & Espresso Shot Glasses
8885df35-9188-4e5f-b811-9e0fc185102d	Jewelry	FAIRY COUPLE Women`s Cubic Zircon Engagement Ring R30
02524306-13b6-4ed8-a20d-2d6cdcb09b41	Jewelry	Pandora Blue Butterfly Murano Glass Charm No. 791622
61a6cc37-a3f0-4237-b650-9e37bce273b2	Kitchen	Fissler FSSFIS5852 Vitaquick Pressure Cooker with Perforated Inset
5afcb4b0-858f-47e6-8bf3-b2b0ba15f3ac	Jewelry	"Body Candy Black Stainless Steel Nose Hoop 18 Gauge 5/16"""
8ff699bf-b530-4db0-b3c1-fa7229251693	Kitchen	bubba 24 oz HERO sport bottle active shocking pink
16b74eac-a908-4d5a-b582-f1f206ab9dc5	Jewelry	"Stylish Urban Jewelry Leather Bracelet for Women Silver Color Beads Cuff with Magnetic Clasp 7"" (Brown)"
a443b124-bd0e-4e55-8bd6-39a5204d8642	Jewelry	SUNSCSC Silver Plated Coin Earrings Beach Bohemian Ethnic Jewelry Belly Dance Accessory Hook Earrings
8d7e8c4d-1c62-4070-be62-5a253a25568a	Jewelry	Mens Gold Tone Thick 12mm Sparkling Figaro Link Wrist Bracelet 9 Inches
2d9354d6-e859-4539-81d1-d77b746e4073	Kitchen	Fit & Fresh Cool Coolers Slim Lunch Ice Pack, Blue, Set of 8
5aad556b-3790-4943-9156-d9ef2b23f078	Kitchen	Handy Can Opener : Automatic One Touch Electric Can Opener
f8ea0a5c-20bb-423d-962c-962d149ecea9	Kitchen	Mercer Culinary Renaissance 8-Inch Forged Chef's Knife
8a5e6cc8-a15d-40ec-9187-430d3b732092	Kitchen	Gneiss Spice DIY Magnetic Spice Rack: Includes Empty Hexagon Jars, Magnetic Lids & Clear Labels / Hanging Spice Rack
18826f54-fd4c-46fa-b3f0-764d5070eb0f	Jewelry	925 Sterling Silver Dainty Wave Ring
39a22fb4-2a7a-43fa-a90e-62da4bc9b73e	Jewelry	"I Love You to the Moon and Back"" Heart & Moon Pendant Necklace 18"
b96f7843-aeac-4ecf-b0bf-5ce86d178d43	Kitchen	Cubette Mini Ice Cube Trays, Set of 2 Red
ca089e1a-b5b2-439b-8365-30aba560eaaf	Jewelry	YAZILIND Rose Twisted Wave Design Sparkling Bracelet for women
a26e76c9-7a8f-4f43-8186-a7700aff5789	Jewelry	Cubic Zirconia and Simulated Pearls Goldtone Classy 11mm Huggie Hoop Earrings 238
6bb95806-4111-4d0e-87a5-14ef0501fd7c	Kitchen	Star Wars Mug - R2-D2 3D Ceramic Coffee and Drink Mug with Removable Lid - 8 oz
1891f729-4f40-4d2c-bde0-2a8791d834ce	Kitchen	RSVP Citrus Juicer Parent
ed784933-4008-4566-902b-5fdfca103ae9	Jewelry	"Stainless Steel Rolo Cable Chain 0.9 MM - (16"" - 30"" Available)"
dde5670a-bf46-492c-8aa4-70c74918a249	Jewelry	925 Sterling Silver Tri Wires 5MM Mid-Finger/ Knuckle / Toe Ring
33480fb5-7f8f-435f-be9a-53c27b576cf2	Jewelry	Bico Magic Knot Small Pendant (E201) - love charm, protection from evil - Satin Silver
1f17cc0b-2a5c-48ef-8189-a87e2a280952	Jewelry	Elegant Double Paved Gem Cz .925 Sterling Silver CZ Toe Ring Adjustable TR39
aa866c8a-b7dd-45af-b7ac-e1677d0b6c7f	Jewelry	925 Sterling Silver Genuine Abalone Shell Wrap Around Leaf Ring - Adjustable Size 6, 7, 8, 9
f2961995-0225-43c0-b40b-8c1fe8831a94	Jewelry	niceEshop(TM) 2Pcs Pack - Silver New Gothic Punk Spike Long Dangle Chain Tassel Hook Ear Bone Cuff Clip Earring + Rock Punk Exquisite Black Beads Long Chain Tassels Ear Cuff Earring
9064f49f-831c-4b4a-9324-6273fb3c2952	Kitchen	Butter Bell The Original Crock and Spreader by L. Tremain
3b178e71-73de-4f5a-850e-4f210b5e5833	Kitchen	EasyLunchboxes 3-Compartment Bento Lunch Box Containers
3ccd89ee-1613-4fe7-b291-fcf53e870bc7	Kitchen	Fit & Fresh Cool Coolers Slim Character Shaped Lunch Ice Packs, Multicolored - Set of 4
4afd20bd-5b27-4da2-959d-31383f7581f6	Jewelry	Joyplancraft Galaxy Necklace Hollow Out Crescent with Blue Purple Star Galactic Cosmic Moon Charm Necklace Wedding Necklace
d480488d-8819-4aab-96cc-2e9d367eda14	Kitchen	Chef's Star Smooth Edge Automatic Electric Can Opener  4 AA Batteries Are Included
86565144-2d06-4eb3-bed9-e8e804526a1d	Kitchen	Breville BTA820XL Die-Cast 2-Slice Smart Toaster, 1.2-Inch Wide x 5.2-Inch Deep
6e9c0884-0a67-4130-ba2d-2459029fc98e	Jewelry	ACUNION&trade; Handmade Infinity Tortoise Angel Wings Owl Butterfly Anchor Brids Heart Best Friend Charm Friendship Gift Leather Bracelet
5c00b5a1-c822-4379-a155-2e28af95035d	Jewelry	10k White Gold Cushion Checkerboard Cut Gemstone Leverback Earrings (6mm)
124c4f42-3e63-4c19-bdaa-418c983779b6	Jewelry	Qiyun (TM) Chunky Turquoise Blue Pendant Wood Beaded Chain Necklace Tibet Necklace Earrings
3dccdf63-8dc7-4c50-9ffd-e0698a40e105	Kitchen	Virginia Boys Kitchens Black Walnut Wood Cutting Boards with Drip Groove
38bf000a-68b8-4781-b1af-82385a50dfd1	Kitchen	Trudeau Double Lever Corkscrew - Black
8b20b667-b8df-4c8d-ab5f-8004007cd532	Kitchen	T-Disc Storage Drawer Holder for 54 Packs by DecoBros®
c4624aed-aac8-427f-8ca9-ab4ba50adeb2	Kitchen	X-Haibei 6-cavity Round Mooncake Chocolate Glycerin Soap Bar Silicone Mold Pan
1e50a4c3-dad1-41ed-91e1-6fdd4c67f484	Jewelry	Bling Jewelry Pave Cubic Zirconia Hammered Gold Plated Matte Modern Ring
226d190f-ee69-4804-8148-8b1cb6836eb3	Jewelry	Sterling Silver Small Cross Pendant Cable Chain Necklace Italy
ca9c7465-deaf-4ddf-b1f7-be2155625aaa	Kitchen	Lodge LPGI3 Cast Iron Reversible Grill/Griddle, 20-inch x 10.44-inch, Black
b59d01c1-f7ef-4328-b25a-b8916e66c77b	Jewelry	Kenneth Cole New York Stick Linear Drop Earrings
cb280540-f8e4-4dd6-be57-0dffdc33bb1b	Jewelry	20 Pack Silver-Tone Nose Studs Rings Mixed Sizes 22G
66151daa-a123-41aa-860b-6c2254826798	Jewelry	Sterling Silver 925 Princess Cubic Zirconia Synthetic Ruby Red Cz Stud Earrings 2.00 Carat
ca06d2fb-09fa-4420-a627-06e42d5f01b5	Kitchen	Coffee Storage Canister - Airtight Container Preserves Food Freshness - AirScape Steel
155b8ab6-0560-4732-8f68-6cb1a2bf2318	Kitchen	Bakerpan Stainless Steel Cookie Cutter Tea Pot & Cup
bf034c47-2355-4e9f-9b73-bade137cee2d	Jewelry	925 Sterling Silver Princess Crown Ring
c0d0cec5-5447-4a43-bbba-ecb4fe2450d5	Jewelry	1Pcs Fashion Retro Multi-layer Chains Pendant Black Cross Metal Long Necklace
753e6ce2-c17f-4f6f-89e2-ed5320591a85	Jewelry	"Cross Industrial Barbell 14G 1 1/2"" Length"
b323179c-edf3-4125-af50-2c16b0d9db7e	Kitchen	J.A. Henckels International Forged Premio Block Set
2f39805f-7c53-4d8c-b112-5b5bef7eae89	Kitchen	1 X Gourmet Trends Quick & EZ Defrosting Tray
5c906874-51d8-451b-b501-32905cf75034	Jewelry	Sterling Silver 1.2mm Round Cable Chain (14, 16, 18, 20, 22, 24, 30, 36 or 40 inch - white, yellow or rose)
22670bf2-e5ca-473d-9fa2-055f92f24bbf	Jewelry	"14k Yellow Gold 8-10mm Black Baroque Tahitian Pearl with Rondelle Strand Bracelet, 7.25"""
84ea1638-3e98-4d4e-8128-25a7386344a6	Kitchen	BetterCourse Premium Insulated Lunch Bag
3a43e9fe-4e38-4134-8605-f56e482de4dc	Kitchen	Mr. Coffee 91407.02 Flintshire Stainless Steel Whistling Tea Kettle, 1.75-Quart
c2d5a3a1-a91b-43dc-8ff4-3a76b8c8e4d2	Jewelry	Pro Jewelry (Available All Size) Authentic 925 Sterling Silver Starter Charm Bracelet Barrel Snap Clasp
604dbaea-7602-4a87-ae0b-c45a84bd0bb9	Kitchen	Waring Commercial Big Stix Immersion Blender with Removable Shaft
da4cdbc3-75da-4a00-b1e8-312574e0ae21	Jewelry	Tzou Women's Rose Stud Earrings
90871d72-b1fc-4b11-8a66-3855d282aece	Kitchen	CreativeWare 3-Gallon Beverage Dispenser
2d2c83cb-b154-4979-8b72-ec1ae1e5d067	Jewelry	"Sterling Silver Created Sapphire Bar Necklace, 18"""
7581c630-9bde-4456-bb79-c431d416a121	Jewelry	14k White Gold Diamond Heart Cross Pendant
ca182c03-fde3-4a36-876f-88438588c609	Kitchen	1 X 3' x 8' Tinsel Foil Fringe Door Window Curtain Party Decoration
e38880bf-aeb4-4956-b799-95e9e7198c5b	Jewelry	Jerusalem Cross Pendant with Bright Cut Accents with 18 Chain
0e098ea0-ce9b-4f12-a594-b8db058f19e7	Kitchen	Cybrtrayd 45St25-H088 Plain Pumpkin Lolly Halloween Chocolate Candy Mold with 25 4.5-Inch Lollipop Sticks
7e80ffe5-f144-476a-b743-34458171246e	Jewelry	Sterling Silver Multi-Marquise Design Diamond (1/4cttw, I-J Color, I2-I3 Clarity) Ring
ed4e5a6b-8c18-432b-b8ac-e0b869ff0bb0	Kitchen	Juice Extractor Ice Frozen Fruit Vegetable Smoothie Drink Blender Mixer with Sports Bottle
e0aa3ec5-0d7a-4cf9-8325-2aa59be6bfc7	Kitchen	Tropical Palm Leaves, 13-inch (4/pkg)
e0bca2e7-7494-4b26-95f5-646511aacbb0	Jewelry	BodyJ4You 24PCS Nose Stud Bone Stainless Steel Crystal Flower Nose Ring 20G (0.8mm) in Gift Set
0b80c0ac-c44b-47d4-a321-86768cc7a989	Kitchen	Rabbit Wine and Beverage Bottle Stoppers with Grip Top (Assorted Colors, Set of 4)
3cabeba0-5de4-4d7e-aa06-34b7188ed615	Kitchen	Magic Bullet Mini, High Speed Blender and Mixer
2b3cc9ff-7b5a-4f74-994b-101ee28ae420	Kitchen	Japanese Tea Ceremony Chasen Bamboo Whisk 120-tate by JapanBargain
ce6ca486-a1cd-448b-b69a-99b229d2c7da	Kitchen	Lifeline Stainless Steel Vacuum Insulated Double Wall Barrel Style Growler - 64 oz. Capacity
0bb50e66-3494-4c9f-b9ed-8d0af97c5151	Kitchen	Signature Housewares Sorrento Collection Canisters, Ivory Antiqued Finish, Set of 3
a8e4800b-9020-40a5-b514-f5b3fff59760	Jewelry	Cosmos ® Black PU Leather with LED Jewelry Gift Box Case for Ring Earring Pendant With Cosmos Cable Tie
0e774802-e24c-4f90-8e13-c110fc10831d	Jewelry	"NinaQueen ""Butterfly Fairy"" 925 Sterling Silver Blue Charms"
ab9189df-339e-4093-8f2b-9cb9bd078abe	Jewelry	Black Ceramic Men's Hunting Camo Ring, Comfort Fit Band, 8mm
d7df2544-5d2b-417b-b0f0-dae4ec2f78e3	Jewelry	"925 Sterling Silver AAA Cubic Zirconia Infinity Love Necklace, 18"""
a779a3d9-cb51-49a3-ae8d-be8bffdca410	Jewelry	"Small Rose Gold Plated Tribal Fan Non-Piercing Septum Hanger Clicker Ring Small 5/16"" Hoop 539RN"
b6e6d0f2-44c1-41bc-83bc-e2113458df07	Kitchen	Brew House Beer Chillers - 2 Piece Gift Set for Men - Stainless Steel Drink Chiller Sticks Keep Bottled Drinks Cold - a cooler bar & party accessory & an ale chilling necessity - Made by Arron Kelly
6e6d77b4-bab3-4510-85e9-1ee44fc930a8	Jewelry	Attack on Titan Punk Heavy Metal Style Black Leather Bracelet Strap Wristbands
0162c57e-99c1-4951-9f85-9b3c19b72fab	Jewelry	"Charmed Lockets Mom You Are Loved Pendant Necklace, 24"""
3fa51642-d870-45fe-a9b7-e9c89e54e6a0	Jewelry	Wholesale 10pcs Man-made Opal Opalite Oval CAB Cabochon 20x15x5mm
e98294f5-3e2a-460f-8a4f-10c510ae13b4	Kitchen	SmartShake Jay Cutler (black & gold) 27oz Shaker
07653196-16f2-41ed-af2d-c401a06f3efc	Kitchen	Rubbermaid Easy Find Lids Food Storage Container
5f0aa8cc-09c3-49dd-bd48-5dcd44ad0f24	Jewelry	JSC Jewellery Insulin Dependant Diabetic Medical Alert Bracelet Stainless Steel One Size Fits All Totally Adjustable
69739757-05fb-4ced-a5a7-237499c044be	Jewelry	Cubic Zirconia Infinity Eternity Band .925 Sterling Silver Ring Size 3-12
d4d14564-5d1e-4471-92e9-dac4f5d8e6b1	Kitchen	Jelly Belly Decorating Kit
74604d70-435c-4371-8eb1-701d6056e714	Jewelry	CHOOSE YOUR COLOR Sterling Silver Teardrop Ring
9cb9a302-663c-4920-b30a-3bfa05ae08e7	Jewelry	EVER FAITH Bridal Flower Wave Austrian Crystal Dangle Earrings
10abd2e5-e8b1-4622-88e3-f78866afb37d	Kitchen	"H-R1000QC 100 GPD Flow Restrictor 1/4"" Quick Connect"
b9a58270-475f-4c2f-a011-7787ebeb18cc	Jewelry	Kpop Titanium Diamond Necklace EXO
f0a093ee-70e4-4fe5-a6c1-3e9f1f1cfedd	Kitchen	2.0 CARAFE Style Keurig Multi-Cup and Travel Mug Reusable Filter-PLUS BONUS 2.0 SINGLE CUP Filter From Freedom Brew• K300, K400, K500 Series• Reusable Tea Filter•works Without Special Stickers or Freedom Clip (one Carafe Cup & one 2.0 Cup)
c385778c-fcc9-481d-9e2a-b680122e65d6	Kitchen	Keurig 114496 University Of Florida Brewer Decal, Blue
cbc298c9-ab20-4af6-a084-2940340c7837	Jewelry	Topwedding Rhinestone Floret Featured Bridal Floral Wedding Tiaras Headband Headpiece
494e5e22-b4e8-4652-8a9c-e7baa6ea8b86	Jewelry	King Will GENTLEMENT 8mm Blue and Black Carbon Fiber Tungsten Carbide Ring Wedding Band Polished Finish
a895f57c-f221-46b2-b232-695afc03c5a0	Jewelry	Lifetime Jewelry 2MM Rope Chain, 24K Gold with Inlaid Bronze Premium Fashion Jewelry Pendant Necklace Made to Wear Alone or with Pendants, Guaranteed for Life, 16 to 36 Inches
6706a1a4-25b1-4c32-80ae-5c3e1a2bd40b	Kitchen	Miracle Blade III Perfection Series 11-Piece Cutlery Set
9c2c8c61-0771-4262-86a6-1d5b53c87af8	Kitchen	Mueller Spiral-Ultra 4-Blade Spiralizer, 8 into 1 Spiral Slicer, Heavy Duty Salad Utensil, Vegetable Pasta Maker and Mandoline Slicer for Low Carb/Paleo/Gluten-Free Meals
d43d0b40-115e-4cf9-bfbd-080fe7d01a59	Jewelry	Surgical Steel Plain Wedding Band Thumb Ring / Toe Ring 2mm Domed thin Comfort-Fit High Polish, sizes 1 - 12
64d6d7ec-5924-4190-b845-d7ae50bf8a96	Jewelry	Sterling Silver Crystal Ball Bead Charm Fits Pandora Chamilia Biagi Trollbeads European Bracelet
4fd62231-493b-4005-a83e-1ac55f6556ae	Jewelry	.925 Sterling Silver Ladies Ornamental Openwork Butterfly Ring
1a27036a-f068-4697-a452-aa2410fa5565	Kitchen	Rada Cutlery Starter Set, 7 Pc Boxed Gift Set, Made in USA
def62337-5e98-4233-bf62-6eb0c73b32de	Kitchen	Mr. Beer American Lager Craft Beer Making Kit
3671895b-a944-4223-bfa8-b878534eaf7a	Kitchen	ICUP Simpsons Homer Head Ceramic Mug
5b30ec01-ebce-453c-be67-1dedc35f582b	Kitchen	Hamilton Beach 51101B Personal Blender with Travel Lid, Black
387e7842-a56f-42fa-9527-45e89fc1a0fe	Kitchen	T-fal C996SE Initiatives Nonstick Ceramic Coating PTFE PFOA and Cadmium Free Scratch Resistant Dishwasher Safe Oven Safe Cookware Set, 14-Piece, Black
75788bfb-44ed-4e3c-8906-6ceb07f258f2	Jewelry	"Mariana Silver Plated Swarovski Crystal Tennis Bracelet with Heart Pendant, 8"""
24af4fa1-ab2c-4693-a277-432d83ed25ce	Kitchen	EatSmart Precision Pro Digital Kitchen Scale, Silver
185063e7-e0d7-4841-b9cf-de29e5027efa	Kitchen	"PHT Silicone Fruit Slice Drink coasters , 3,5"", Set of 6 Kiwi Orange Lemon Lime Tomato pineapple"
9d34067f-0027-4bc6-99b8-6a61ac601d07	Jewelry	Sterling Silver Crystal Heart Dangle Earrings made with Swarovski Crystals
40b560b5-a1c6-43e1-8e77-9b7a679c85b3	Kitchen	Pacific Merchants Trading Acaciaware 12-Inch Deep Bowl
3cf9af9d-0ef1-4290-852b-b49ca562edde	Kitchen	Kombucha Brooklyn Home Brew Super Kit - 1 Gallon
3ffa59e3-04fc-4733-af90-19d0c5313353	Kitchen	Boston Strong Ribbon Car Magnet
84db757d-5f43-4045-825e-8887e3e3fabb	Jewelry	Diamond Earring Jackets in 10K Yellow Gold (1/4 cttw)
fab6c824-45f6-42dc-90e6-47f06bdb0cf8	Jewelry	Simulated Emerald Cubic Zirconia Claddagh Benediction Ring Sterling Silver (Color Options, Sizes 3-15)
77cde1d1-0293-4225-b8b0-a42a823bd980	Jewelry	"Two-Tone Sterling Silver and Rose Gold-Flashed ""Faith Hope Love"" Cross Charm Pendant Necklace, 18"""
c32bfea4-4122-4ebd-b8c2-116c6c679822	Jewelry	"Pro Jewelry ""Cactus"" Mini Charm for Pendant Lockets 39896"
65b911e1-3f0e-42b2-ae2a-4f373813dbd0	Jewelry	Dxhycc 925 Sterling Silver Bracelet Double Purple Heart Crystal Bangle Bracelet
88b62f47-00c2-4d4c-9043-2e839949696d	Kitchen	Personalized Acrylic Heart Cake Topper for Weddings with LED Light
03334711-2822-48dd-8c7e-93d758415aff	Kitchen	Clorox Sales Co Brita Div 35512 Replacement Filter
0fd17687-6bf8-4b62-8e37-775680f3aaf4	Jewelry	"925 Sterling Silver S Line AAA Cubic Zirconia Tennis Bracelet, 7.5"" (8 cttw)"
4752e3f8-6299-4b15-b90a-03e623afc97f	Jewelry	Best Seller Elegant Oval Shape Lab Created White Opal .925 Sterling Silver Ring Sizes 5-12
c7e536d3-f92a-4f26-8366-d9caf2f747a2	Kitchen	CV101E Coffee Vending Machine-fully electronic
311318fd-517f-490a-b5e3-185dce475b19	Kitchen	Lenox Butterfly Meadow Mug
883738ad-c046-4695-a143-90dceb82a98e	Jewelry	Sterling Silver Honu Turtle Ring
4116cbb0-479c-47b1-8cc4-8d73019a0097	Jewelry	7MM Men's Goldtone Plated Stainless Steel Ring Sizes 7 to 12
25abad7e-c814-46a3-b133-8ad4452a53cd	Kitchen	niceeshop(TM) Number Birthday Bridal Wedding Cake Topper Anniversary Centerpiece Party Accessories
c1833a7d-d110-442e-9008-e83f8875da81	Jewelry	kathyt store INC 1 Pairs Gold / Silver Color Fashion Wild Big Circle Earrings Bamboo 2.5 Inch Hoop Earrings
4ad50b59-3619-45d6-bbe3-80b9e217f8ce	Kitchen	Polder Digital In-Oven Thermometer/Timer with Probe
a74b3647-c3ab-4dd3-9ed2-abe9d356c0df	Kitchen	Bru Joy Enameled Aluminum Double Bowl Lemon Squeezer, Yellow and Green
521289af-a4b5-42cf-b20b-4b226d9be05d	Kitchen	BarConic® 8 ounce Pilsner Glass (Box of 6)
bf40a135-a005-4d75-bb92-e0a8c7469d32	Kitchen	Primula Tempo Coffee Press 6 Cups
5e41bf2b-99e7-436f-a76e-dc49da5f8751	Kitchen	Football Gumball Machine - Peanut and Snack Dispenser
1256a919-f3e8-4c30-94ac-c53f662255d1	Jewelry	14 Karat Gold Overlay on Solid Silver Earrings. Top Quality Cubic Zirconia Round Stones
10fe7b72-7bd5-4d69-93fe-66269fc986e1	Jewelry	DTLA Sterling Silver Double-Strand Infinity Bracelet Figure 8
e7d51404-6ff7-4990-91c8-049e4c4cdccc	Kitchen	Better Chef IM-102B 1-Cup Personal Coffee Maker
509371af-cbb4-402e-9e60-9829ebe4ee98	Kitchen	Francois et Mimi Stainless Steel Double Wall French Coffee Press, 34-Ounce, Brushed Finish
5157fc6b-3806-46ab-b38c-3ac727addce9	Kitchen	Beistle 55151 1-Pack Jointed Rock and Roll Banner
54af6479-7b71-4048-b14e-771aa57ee006	Jewelry	Men's Silver Stainless Steel 5.5mm Mechanic Style Necklace Chain
8497ccde-6678-44ee-bea8-b150171ab357	Kitchen	Bar Tool Set 100% Stainless Steel Bartender Martini Shaker Cocktail with Strainer Corkscrew Bottle Opener Jigger Ice Tongs and Storage Rack
4c6993fa-d2c2-42d5-941c-b872dfbd2140	Kitchen	BLACK+DECKER 8-Slice Extra-Wide Countertop Convection Toaster Oven
9ffb3072-ef87-48ce-b71c-326060b70d3f	Jewelry	KONOV Freemason Masonic Mens Ring, 316L Stainless Steel Band,Black
0b14bfe2-433f-4a2e-8db7-ca3f57ead7d2	Jewelry	Wadoy 10mm Nickle Plated Lotus Flower Bead Caps Jewelry Findings 50pcs
a377534a-d7c8-4ae0-83ff-5f648a9df716	Kitchen	3-PACK DISPOSABLE PLASTIC TABLE COVERS / TABLECLOTHS (WHITE) 54 IN X 108 IN
8f5ed9f7-85a1-421e-8aea-9c7b4fea9165	Kitchen	Spaghettable Vegetable Spiralizer — Handheld Spiral Slicer w/ Japanese Stainless Steel Blades — Julienne Veggie Cutter, Peeler, Dicer, Spinner, Grating Tool — Make Healthy Pasta Noodles — Bonus: Cleaning Brush Plus a Healthy, Natural Recipes Ebook
7886ccc2-d534-4985-a0de-1acaed04b259	Kitchen	Duxtop Cookware Glass Replacement Lid
aacb5185-2026-403d-b446-b7fe3464479a	Jewelry	"Sterling Silver 925 Cubic Zirconia CZ Criss Cross ""X"" Long Ring"
79778f90-642a-4f12-abf4-291329ad84ad	Jewelry	1/10 Carat T.W. Diamond His And Hers Wedding Band Set 10K White Gold
eb299354-b97c-4c1a-ba6a-86b76cf56aea	Kitchen	LA Pop Design Expandable Shopping Bags. Reusable Grocery Shopping Tote Bags That Are Eco-Friendly, Lightweight, Strong & Durable. Convenient Grocery Bags and Handy, Shopping Travel Bags -- 5 PACK!
b10233ac-a25e-469a-851d-90ff2021df5b	Jewelry	Stainless Steel Flattened Hoop Earrings
99951275-0004-42e5-b73a-d9c41865403b	Jewelry	Sterling Silver Black Diamond Stud Earrings (0.10 cttw)
4bbfde62-dfa7-4b62-861f-f3dee3ec36bc	Jewelry	"Sterling Silver 0.8mm 16""-20"" Adjustable Box Chain"
3dcd05bf-3682-4400-b7f3-0c4a285d4bda	Jewelry	"Unistyle Personalized Anchor Pendant Necklace Stainless Steel Jewelry with 22"" Chain"
65980728-1b5b-4683-ba85-0a591931a02e	Kitchen	Grand 8.5OZ Wine Glass (Pack of 36)
50dc37a8-2af9-4d66-82b9-1e2a5274be69	Kitchen	Sistema Lunch Collection Food Storage Containers, Assorted Colors, 13.5 Ounce/1.6 cup each, Set of 3
4bbb4464-e6f4-4ae5-abd7-1c507a3242cf	Jewelry	White Gold Plated Happy Play Dolphins with Round Cubic Zirconia Crystal Necklace Fashion Jewelry for Women
8cb7d6c5-39a3-48a8-a26e-698014e6404b	Kitchen	Ergo Chef 13 Pocket Hard Tri-Fold Knife Bag
db13e25e-edfe-4f34-ab94-f66f88ada72a	Jewelry	Dixivi Jewelry Stainless Steel Large Cross Pendant Necklace
0e57109e-cce5-4b2b-a3d2-753dbc968425	Jewelry	Golf Ball Charm - 14kt Solid White Gold
4ae3d286-0642-4607-addd-34edf0d8a81b	Jewelry	Newtrip Fashion 925 Sterling Silver Antique Chinese Dragon Chic Lady Bangle Bracelet
af8f8870-48b6-4f76-943d-5a863d361fab	Jewelry	10k Yellow Gold Freshwater Cultured Pearl with Diamond Accent Pendant Necklace
eb492654-3ad4-42d9-8fe5-b38ab43ced48	Jewelry	Created Alexandrite Marquise Ring .925 Sterling Silver Rhodium Finish
3ba1f880-16a9-4bc0-9918-35ad455a5d0c	Kitchen	Maximum Weight Loss and Diet Fruit Infusion Water Bottle - Easy to clean, Dishwasher safe, Leak Proof, BPA FREE and Shatter Proof Tritan Infuser
afb676d8-9d20-4f17-bcad-10ee3049e829	Jewelry	White Shell and Cultured Freshwater Pearl Cuff Bracelet with Flower
e6515511-9343-41df-a249-f63085cbacc1	Jewelry	Teacher Gifts for Women Floating Locket Keychain Full of Teacher Charms, Teacher Appreciation Gifts
39a23854-52a5-4416-905d-b2e39d8c87c7	Jewelry	Goddess Kali Loving Mother Fierce Warrior Silver Pendant with Chain Necklace
389910aa-2cb7-4acb-aa5a-ec84fe9403ba	Jewelry	Stainless Steel 18k Gold-Plated Textured Hoop Earrings
e31036f5-93a8-4607-99f6-e82eeae3cb62	Jewelry	VE-01079 Sterling Silver Sideway Anchor with CZ Twisted Band Ring
ab5a0c50-46bd-4464-8b0c-e11de4f779ca	Jewelry	"14k Yellow Gold Italian Box Chain Adjustable Star Pendant Necklace, 18"""
d4e8bbec-1e0c-47dc-a3b8-00619eea4bd5	Jewelry	JewelrieShop 7 Pairs Girls Cartoon Owl Design Stud Earrings
aaba7510-f6f6-43f7-b7d5-58dba55b5d05	Kitchen	Bamboo Japanese Long Handled Standing Water Ladle Hishaku for Tea Ceremony 10.2 x 1.5 x 1.1 inches From Japan
e0696a49-6e4f-4956-9f6b-d2819b4232c8	Jewelry	Merdia Men's Tiger Eye Stretch Bracelet Dragon King Pattern Bead for Father's Day(Silver&Yellow)
e314f8a8-7724-4fde-aaa0-91999ba1735c	Jewelry	Peanuts Girls' Snoopy Sterling Silver-Plated Pendant Necklace
10b99586-73df-47b0-9943-4205f7301009	Jewelry	Doctor Who Seal of Rassilon Engraved Dangle Earrings
66e4b34d-66d8-4190-9ac6-86a8acc53369	Kitchen	Aladdin - Essential Stainless Steel Insulated Desktop Mug - 16 0z. - Black
7f6041c1-1241-4db1-93a0-75df37ad1b4a	Jewelry	HSG Fashion Luxury Lady Jewelry Set Necklace & Dangle Earring & Ring & Bracelets for Wedding JM2106
f5d9d85c-4d0f-4a9c-ba57-64ba151cfe95	Kitchen	Nesco FG-180 Food Grinder with Stainless Steel Body, 500-watt
9ef90123-9ea2-465e-bfa6-9c2b109098a1	Kitchen	Silicone Baking Mat - for Lining Cookie Sheets - Easy To Clean, Non Stick Surface Protects Your Bakeware - 16 1/2 in. X 11 5/8 in. - Oven Safe to 475F - Lifetime Guarantee..Honest
5b15fa45-9b13-4ccc-a1ff-c68f2992de7d	Kitchen	Super Tofu Press --4 Spring Model to Remove Water Quickly
e063ee2e-9aa6-46d9-9f8d-82d226ef3085	Kitchen	HomeSpec Canning Jar Strainer Sprouting Lid Set For Sprouts, Sifting, and Straining - Regular Mouth - Set of 4
43055628-06a1-4bb4-a050-17ced3acddf0	Kitchen	Plastic Grocery Bag Holder and Dispenser - Red and Khaki Stripe
c63ad7fd-ed49-4f24-a3ab-8f79cd074c39	Jewelry	INBLUE Men's 2PCS Rhodium Plated Enamel Cufflinks Silver Tone Black White Pirate Skull Shirt Wedding Business 1 Pair Set Polished
68498c52-c786-4b61-b571-0f95f2f8ad66	Jewelry	6mm Beveled Edge Black Tungsten Comfort-fit Wedding Band Ring (Size 5 to 15)
692255d8-d6bc-4ec1-9483-173f1f72cbbc	Jewelry	KONOV Mens Womens Leather Bracelet, Punk Rock Bangle, Fit 7-9 inch Adjustable, Black
fedce8e5-7d9e-4095-9735-f29967002cce	Jewelry	2MM White Tungsten Carbide Polished Classic Wedding Ring
811249bc-d00c-4e17-949b-fe1f7347a94e	Jewelry	Nurse's Prayer Necklace With Pink Border Nurse's Pendant With 18 Inch Chain - Nurses Necklace and Gifts
d6be0756-b76e-4f1a-97c2-bdd781c5dde4	Jewelry	INBLUE Men's 8mm Stainless Steel Ring Band Silver Tone Blue Wedding
8af72a49-e1df-4f37-880a-83a31199b278	Kitchen	Ikea Gubbrora 10 Inch Spatulas - Assorted Colors
3af275d2-8f47-41bd-8fec-2cc1f74b2d76	Jewelry	6MM Ladies Eternity Titanium Ring Cubic Zirconia Wedding Band with CZ sizes 4 to 9
aeb31f8f-4f3b-4132-8f6f-06b450d74697	Kitchen	Nesco VS-01 Food Vacuum Sealer, White
9ff27f00-8e1b-4ade-91e1-a67eb61fd831	Jewelry	Dyed Pink Freshwater Cultured Pearls Wrap Bracelet with a Removable Charm
d9b4e6d2-6aad-4cc6-9946-25d028dd2c2f	Jewelry	King Will DUO Unisex 6mm Classic Rose Gold Domed Tungsten Carbide Wedding Band Ring Comfort Fit
b0a02509-44ac-4d3d-8366-40f11a3aeb6a	Jewelry	Shuning 25pcs Captive Bead Hoop Nose Rings Nipple Bar Eyebrow Lip Piercing Jewelry 16g 1.2mm
6c302cce-0902-4bd7-9e93-e953a4e799e9	Kitchen	Cocktail Drink Hawaiian Paper Parasol Umbrella Picks
99d21372-1d0a-4527-872a-d301a30d8163	Kitchen	Lang Botanical Blossoms Recipe Card Box by Barbara Anderson, 4 by 6-Inch, Multicolor
667ffc38-7b56-457b-9634-559cbe462252	Jewelry	6 Piece Steel Taper and Plugs Ear Stretching Kit - Pairs of Plugs with single Tapers - Gauge sizes 1G (7mm), 0G (8mm)
e1b72a46-c867-4657-b63c-799124f00c85	Jewelry	Hot SZ7/8/9/10 Bridal Band Ring CZ Engagement Ruby Anniversary 18K White Gold Plated Statement Jewelry For Women
82270885-4eb2-471a-88ba-27a2b04aa066	Jewelry	Dragon Scale Dragon Pattern Beveled Edges Celtic Rings Jewelry Wedding Band For Men Silver 11 ( Only )
983f453b-424c-416d-b3d5-5dda27f50198	Kitchen	Bordelaise Bread Scoring Lame with Protective Cover, and One Blade Included, by Mure & Peyrot - French Leader for Industrial Knives and Blades
df7cabe7-364a-481c-b373-d58681cb48b3	Kitchen	MyGift Decorative Yellow Beehive Design Ceramic Cookie Jar w/ Bee Handle Lid
87ca29a0-dcb1-4fd3-932a-ff8db5884f5c	Jewelry	SoulBreezeCollection Dancing Ballerina Dancer Ballet Dance Pendant Necklace Charm
63a9d272-7558-492b-a5de-52e9baf893ea	Jewelry	20pcs 30×11mm Gymnastics Charms Antique Silver Tone Pendant B10050
c41cd087-3baf-49e8-a13b-3e401723c178	Jewelry	Round Cut Aaa Cz Cubic Zirconia High Polish Stainless Steel Wedding Ring Set Women Size 5-10 SPJ
3639de19-9c00-4634-93ea-bcea567f2ce8	Jewelry	"Iced Out Gold-Tone Masonic Square and Compass Pendant w/ 3mm 30"" Box Chain Necklace"
b27b11ba-dc41-457c-9ea3-c3927347711b	Jewelry	"10pcs 24"" 24 Inch 925 Silver Plated 1.2MM Snake Chain Necklace New"
9f431350-eb4d-4719-9183-46c6fb137137	Jewelry	Judystore 3pcs Midi Finger Ring Set Silver Stack Above Knuckle Band
48652e75-8ab8-403b-9fcd-73da33c7d40e	Kitchen	Sanyo EC-505 5-Cup (Uncooked) Rice Cooker and Vegetable Steamer
20c4ab28-9cfb-47a3-bf34-b96f6a50a491	Kitchen	Kotobuki Japanese Banno Chef's Knife, 6 to 1/2-Inch, Silver
d0074486-b4ae-4f7c-a882-753924839398	Jewelry	Psiroy Women's Art Life Tree Glass Cabochon Bronze Chain Vintage Retro Choker Necklace
36e7aae3-c159-4b4f-8c2c-8779ed118d8c	Jewelry	"Stainless Steel Rose Black Ceramic Oval Necklace, 19"""
b4c69ce1-f038-4c1b-9a2b-1f004b5a09b2	Kitchen	Prepworks by Progressive Magnetic Measuring Spoons, Stainless Steel - Set of 5
c1e99277-5301-4c62-bb1b-f87c368d24f2	Kitchen	Winco Stainless Steel Bar Shaker, 30-Ounce
6599b15d-bb3b-4a9e-af9f-33c6d4e5dd33	Kitchen	Hamilton Beach 12-Cup Digital Coffee Maker, Stainless Steel (46201)
ce6bf847-cb09-4d28-bdc5-5cac9b12761c	Kitchen	Hamilton Beach Brands 22611 2-Slice Toaster, White
52f6fbf9-a59f-45ac-9dcf-066982660413	Kitchen	Culina Premium Stainless Steel Rocking Pizza Cutter, 14-Inch
322dc037-b16e-4207-a364-444cb004de4b	Kitchen	Maverick Redi-Check Pro LCD Food Probe Thermometer
183222bc-6c0e-4053-836d-60251ac76c1e	Kitchen	"Nordic Ware 10"" Compact Micro Go Round"
6ead0b93-dbcc-40a2-9373-a7beca75dfa3	Jewelry	Dragon/Tiger Japanese Split Yin Yang Pewter Pendant Best Friends/Lovers Necklace
6ba1fb21-239a-4a67-b95c-b0732ea20566	Jewelry	Bling Jewelry 925 Sterling Silver Starfish Charm Anklet
06115c20-629e-4cbe-8912-fd65c269e8a8	Kitchen	Panasonic NN-SN933W White 1250W 2.2 Cu. Ft. Countertop Microwave Oven with Inverter Technology
f317ae10-a8d1-4b66-bfd7-eb5b3f85e146	Kitchen	Ball Mason Jar Cocktail Shaker with Lid and Band 32oz (Quart)
f9deb2ea-d4d8-46bb-99d0-9e2abe3c42ce	Jewelry	Body Candy Stainless Steel 2mm Ball Nose Ring Twister 20 Gauge
270a3fae-4678-4cd6-b2d6-f447a97e0208	Kitchen	Precision Kitchenware - Ultra Sharp Pizza Cutter / Wheel Slices Through With Ease
b9df29a6-6ac7-4e80-ba43-13587c660a35	Jewelry	Pair of Steel Captive Bead Ring CBR Earrings 20,18,16,14 Gauge
41d00159-bcae-437b-bd50-d05ada4e1c4d	Kitchen	Colormarathon® Premium Quality Holi Color Powder - 2 Lb Bags - Vibrant Pink Color
1d0d4fe5-1187-4662-8be5-c0e0f30878e4	Kitchen	MatchaDNA Handheld Electric Milk Frother
233775cf-61bc-450f-8bcd-20a8ba6eb32a	Jewelry	King Will GLORY Men's 8mm Tungsten Carbide Ring 24k Gold Plated Domed Polished Finish Wedding Band
93e82da2-0871-44bf-ade6-107af65698e7	Jewelry	Blue Princess Cut Engagement Rings Stainless Steel Women's Wedding Set Size 5-10 SPJ
b03f4c6a-76e3-4477-a2e6-11a6339b3ce2	Kitchen	StarPack Premium Silicone Spatula Set of 4 with Hygienic Solid Coating - Bonus 101 Cooking Tips
90f8a08d-18bd-4997-832d-6ef36bb66501	Jewelry	Mens Stainless Steel Biker Ring - Chopper Minibike Scooter Tire Design
3d6d4b30-93e5-4c83-bba6-2ac6184ee0f6	Kitchen	Jusalpha® Large 6 Tier Wedding Party Cupcake and Dessert Tower
20c2d8c0-aefc-4868-bc06-3aafa09fa5aa	Jewelry	Lucky Brand Rosary Necklace
a174e28f-cbbe-44db-bfbc-c478eb88ad42	Jewelry	Cupcake Cuties Enamel Pendant Necklace in Figural Gift Box (Sold Individually)
d5211ab9-7546-4724-aada-dc272b88c5dd	Jewelry	14k Gold Plated Brass Flower Stud Earrings with Screw Back
3b837ee7-8e1b-4118-ab90-8540f6929a96	Kitchen	U Konserve Nesting Trio Stainless-Steel Containers with Leak-Resistant Lids
b06147c5-53a5-40c2-adc7-85798162f860	Jewelry	Freshwater Cultured Pearl Drop Earrings Sterling Silver Leverbacks 8mm
20b79fe7-36fd-43b8-9071-0b1c538552ca	Jewelry	Susenstone Fashion Cross Braided Wooden Bead Wrist Bracelet Leather Jewelry
1c321382-5a78-4f53-bc77-58ba068f9666	Jewelry	"14k White Gold .05tcw Diamond 9-9.5mm Round Black Tahitian Cultured Pearl Pendant Necklace, 18"""
ed01201d-49b6-46a5-aefc-d7cc5dbf2abb	Jewelry	OVERMAL Handmade Adjustable Rudder Anchor Charms Multilayer Bracelet Wristband
df1d5970-5124-4af3-a16d-5ba2ca969d4a	Kitchen	FreezerBoy Refrigerator Magnets (Dry-Erase Whiteboard Set)
33d3a2c8-5ce5-483b-805b-3d99eb779b56	Kitchen	Winware Stainless Steel Dredges 10-Ounce with Handle
e71c6f8e-6d95-4370-9143-b131ebf5de33	Kitchen	Tea Infuser Bottle for All Your Drinking Needs 12.8oz REDESIGNED: No metallic taste. Leak proof. Easy detachable mesh infuser. -By Wynn Health
5d1076a6-9b31-49c8-a851-0ebdff3e8c27	Jewelry	Silver-Plated Holiday Reindeer Stud Earrings
34742a2d-2198-49a6-bf47-204f2e3da7c8	Kitchen	DRAGONN Zester Grater Sharp Stainless Steel Blade with Black Handle, Safety Cover and Rubber Footings
145b7f18-2b15-4883-b924-d324315a1f29	Jewelry	Hydia Jewelry Vintage Eyeball Ring Mens Stainless Steel Dragon Claw Gothic Ring
67c37712-ab05-471e-810c-b62c3fd675cc	Kitchen	PriorityChef Precision Knife Sharpener, Designed To Create Sharp, Hollow-Finish Knife Edge, Patented Manual Tool with Non-Slip Steel Bottom – Safe and Easy to Use
74e76c9e-9910-4a00-a667-b6ce9fccdef6	Jewelry	Yazilind Vintage Blue Heart Stone Chandelier Dangle Drop Hook Alloy Earrings Women Gift
9c806736-e695-4d68-8287-9522cb5f7cde	Kitchen	Keurig 2.0 K350 Brewing System - Black
0d22f405-d0df-4c23-a1b4-7422b95a84da	Jewelry	Sterling Silver Celtic Design Oval Dangle Earrings
4924d9d9-71d2-4cf8-975a-0086894bcd0d	Jewelry	5 Pair Set Sterling Silver Round Ball Stud Earrings with Matching Backings, 2mm, 3mm, 4mm, 5mm, & 6mm, By Regetta Jewelry
c5d5120d-f7ec-4c70-b369-fafc769baf81	Jewelry	.925 Italian Sterling Silver Box Chain Necklace, 1.2 mm in Width
41fb1360-3ede-46a8-b948-027b65d85d70	Kitchen	Cuisinart Ice-100 Ice Cream and Gelato Maker
1e2b21d0-3080-4a1a-85e6-156fe544fa1d	Jewelry	"925 Sterling Silver White Clear CZ Large Statement Angel Wings Pendant Necklace, 18"""
b26437f1-b0a8-41f0-961f-fcf904777ed1	Jewelry	"Catholic Mens or Boys Black “My Rosary” Zippered Case. Material: Neoprene Size: 3 1?4 X 2 1?2"" H, Rosary Pouch"
14959050-7e73-49f7-ae2c-d735e2283134	Kitchen	GoodCook 11834 Safe Cut Can Opener
d969c35c-18f1-4828-b88a-2e405bc45a84	Jewelry	5-Stone Natural Pink Tourmaline 925 Sterling Silver Ring
c111ab8e-5c3a-4049-af9a-52433a0382d7	Jewelry	"9"" Yellow & Blue US Navy Paracord Bracelet (USN)"
da219360-6bb4-4d22-b7e4-161a7f049c32	Kitchen	ARC International Luminarc Betty Boop/Coca Cola Assorted Cooler Glass, 15.25-Ounce, Set of 4
cc747645-a6e2-4274-82a8-37bd6b2118c9	Kitchen	Beverage Can Resealer, White
5dab3acc-53a7-4b1f-b9b6-7c225e941e8a	Jewelry	Geff House Wooden Jewelry Valet Organizer Gift Box
05b7c747-06d8-44de-aa0b-6a2fa4ba2966	Kitchen	Jurassic World Whopper Reflective 9 Inch Lunch Box - Black and Green by Universal
db6bb954-35b5-4eee-9fb7-a8965723e756	Jewelry	FM42 Silver-tone Classic Set with Clear Crystal 8mm*11mm Cross Stud Earrings E210
2b3197b9-2c6f-4cc8-9454-662f60125937	Kitchen	Keliwa 12 Cup Silicone Muffin - Cupcake Baking Pan / Non - Stick Silicone Mold / Dishwasher - Microwave Safe
1cc35b17-e079-4270-867e-2916d41379e5	Jewelry	Stainless Steel Man Magnetic Bracelet Energy Link Tow-tone with Magnets and Free Link Removal Tool
b828b3f3-1b15-4cb7-9443-66ab1d8aee28	Jewelry	Gold Triangle Stacking Necklace - Bridesmaid Gift - Gold & Silver Geometric Necklace - Spear Necklace (Gold)
b6eff132-289d-4539-8f52-ef2cb45bebec	Kitchen	KitchenAid KFP0711ER 7 Cup Food Processor, Empire Red
8b43d124-74b7-4829-b4f6-ae007397bac1	Jewelry	Chic Alert Medical Id Red Braided Leather Medical Alert Bracelet
160332b3-5c1a-4aac-9659-bc77db1ff6fb	Jewelry	Platinum or Gold-Plated Sterling Silver Round-Cut Swarovski Zirconia Stud Earrings
5df1f6ef-92f6-4b51-90ef-c279c96ea2ca	Kitchen	Tojiro Honesuki 6-inches ,Right
f3a85ea5-2964-41cf-a64b-dd422125672c	Kitchen	Glasslock 18-Piece Oven Safe Container Set
697d94f9-6f69-41e0-89aa-75e5c1743e2c	Kitchen	Calphalon Contemporary Hard-Anodized Aluminum Nonstick Cookware
310c1eb8-ef1d-40a2-a398-02b904569419	Jewelry	US Military Veteran Ring (Silver Color Steel) War Veteran Jewelry Military Rings for Army, Navy, Marines, Air Force, Coast Guard Officers Military
c2975b4a-7985-4c3b-b5b4-ba1b1d663bf3	Kitchen	Pokemon Nintendo Plush Pikachu Insulated 3D Plush Ear Soft Portable Travel Zipper Lunch Bag Tote with Adjustable Strap, 10 x 8 x 3 Inches, Yellow
481fff5b-df2e-4ede-8421-9f879f590fe4	Kitchen	Presto PopLite Hot Air Corn Popper
7b0cebff-3262-47b6-883d-ccb8308b6199	Kitchen	Hamilton Beach Digital Steamer
3e9ddd83-f041-402a-8004-e4a13231f43a	Jewelry	ABC 1pc 10MM Crystal Ball Jewelry Shamballa Bracelet Earrings Necklace Set New (Black)
c10ae581-c189-4fc3-8bf6-eeeff3caeef2	Kitchen	The Pampered Chef 1655 Skinny Spatula
a7afda5c-17da-462e-81a0-c03ea3505d5c	Jewelry	14k Gold Braided Love Knot Stud Earrings
eb7ab295-771a-42ca-bb4f-04fc7e2c7281	Jewelry	Bling Jewelry .925 Sterling Silver Simulated Citrine CZ Teardrop Dangle Earrings
7e3929d2-4eeb-4455-bc70-1721a945c8c3	Kitchen	Kuuk Onion Chopper - Also for Garlic, Tomatoes, Salsa and More
335fa192-bacc-4e13-b5b0-9988a855c08d	Kitchen	Hario Coffee Dripper
06f0c166-b5c1-4477-bb4a-8b68e74889c6	Kitchen	Death Star Ice Mold - 2 Ice Cube Sphere Mold Maker -Taste Your Drink Not the Ice
dd76474d-4482-4968-8083-bc334eca937d	Jewelry	Dangling Ribbon 6.5mm Freshwater Cultured Pearl Earrings in Sterling Silver
343a6ae0-c7ba-4644-a341-1c3fcd64f623	Kitchen	portion parent
1fce9608-dc2e-4ba9-afd4-a02808833694	Jewelry	"Betsey Johnson ""Crystal Rhodium"" Large Crystal Hoop Earrings"
b2f69b88-688e-4b79-8613-3ab14a71366d	Jewelry	Moon Sun -Simple Necklace, Moon Sun Pendant Best Gift for Lover Lariat Necklace, Everyday Gifts,silver Moon Sun Gorgeous Necklace Best Friend Gifts Elegant Silver Moon Sun
a1c9070a-ac85-44a2-97bc-4eead42cb6ed	Kitchen	Best Ice Cube Trays - 2 Large Silicone Pack - 16 Giant 2 Inch Ice Cubes Molds
d8bcd12d-7e7e-4cb1-9232-029bc70b7953	Kitchen	MatchaDNA Handheld Electric Milk Frother
9c058165-a836-466f-8a6c-bebe66dc1fd6	Kitchen	iPerfect Lifestyle Infuser Water Bottle - Made with Commercial Grade Tritan - Recipe Ebook INCLUDED
34f93315-1546-438b-b4e0-bb1ab2d78d3e	Jewelry	"Sterling Silver Amethyst and Diamond Accent Heart Wave Bracelet, 7.25"""
bc4d7ef9-f632-4f34-be2f-186d228f81b7	Jewelry	Mixed Color Wholesale Nickel-free Lead-free CZ Crystal Stainless Steel Stud Earrings for girls, 1 Carats Each Pair
370db80b-f734-418e-8df1-1dd4fb68c2d7	Kitchen	ChefBasix Vegetable Peeler – Stainless Steel Japanese Manufactured Vegetable and Fruit Peeler – Ergonomic Handle Design – Unique High-Efficiency Blade Shape
9432d780-4b21-431c-aaed-9d553daa267a	Jewelry	Antique Goldtone Embedded Nefertiti, Ankh Cross and Wings Design Dangle Earrings (R-3665)
432237d6-085d-42d1-acb7-6311c9ab7259	Jewelry	Shiny Gold-Tone Chains Statement Necklace
9b480a8c-8787-4abc-819e-2b37cb91c8df	Kitchen	ThermoWorks ThermoPop Super-Fast Thermometer with Backlit Rotating Display
c314cb69-6c67-45eb-ad98-ae5df08542dd	Jewelry	King Will Men's 8mm Tungsten Carbide Ring High Polished 24k Gold Plated Wedding Band
0bf2423a-73bf-4ae7-a9bb-45ce38ff5812	Kitchen	Da Vinci Natural Bamboo Cutting Board, Large 15.7 x 11.8 Inch, 3/4 Inch Thick
bb21c370-e2f4-4b6f-837d-c8568bbdb28c	Kitchen	Zak! Designs Toddlerific Perfect Flo Toddler Cup, Olaf from Frozen Graphics
60d0a21a-dfc5-47ad-b367-8dab16ee71ce	Kitchen	Bonavita  Variable Temperature
7e94547c-8fdd-4b2a-a766-05d0a2d55762	Kitchen	Zojirushi Home Bakery Virtuoso Breadmaker
2965f79e-7792-49f3-b087-d474f3b86cd9	Jewelry	One Piece Surgical steel Grade Spike Septum Piercing With center Notch 18G - 2G
dfe42688-ff89-4cf9-86fb-04d938e3c411	Kitchen	Peak Reserve Premium Wine Bottle Opener Gift Set- Includes ULTRA Fast Corkscrew and Quad Blade Foil Cutter in a Luxurious Box
591a6852-b005-482f-9670-68a2a4a10323	Kitchen	Helen Chen's Asian Kitchen Steaming Ring
eebb7b1e-f73f-45dd-9b6c-6dbb486c0598	Jewelry	"8mm KONOV Brown Leather Men's Bracelet Magnetic Stainless Steel Clasp, 8mm - 8"", 8.5"", 9"""
12c595a1-edf3-4f36-b948-c0cae0596b23	Kitchen	Calphalon Contemporary Hard-Anodized Aluminum Nonstick Cookware, Sauce Pan, 4 1/2-quart, Bronze
89b971c7-d07f-406e-b472-3cc0590b1663	Kitchen	Placemat,U'artlines Grid Green Crossweave Woven Vinyl Non-slip Insulation Placemat Washable Table Mats Set of 4
ebec61d1-cba6-48a3-a0e4-168b9dd09171	Kitchen	Victorinox 10.25 Inch Fibrox Pro Curved Bread Knife with Serrated Edge - FFP
8965d009-6717-4c92-901a-fd5d656ee687	Jewelry	Goldtone Round Stud Collar Brooch (J-116)
ab3fc1de-5bc6-4e4f-be7d-36f45d84b96c	Jewelry	Pugster Silver Plated Mother Daughter Charms Separable Butterfly Bead Fits Pandora Charms Bracelet
7a3af684-a8aa-4e93-bd45-d4056600963e	Jewelry	Ruimeng WOW Alliance Pendant Necklace World of Warcraft Alliance Necklace,A Great Gift for WOW Fans
f5d49fe9-468d-4211-961a-42042b0ff833	Kitchen	Imprint Cumulus9 Large Chevron Series Standard
b9d4fcef-2ffa-48c5-8c51-cc9bf276e6c8	Kitchen	Yonanas Frozen Healthy Dessert Maker – 100% Fruit Soft-Serve Maker (Black and Silver)
1ebc40af-ccef-47b6-83a8-544b4c4d1175	Kitchen	Back to Basics Steam Canner - 400A
14e5c2cf-54b1-4311-a38f-5e1d56af2100	Jewelry	Jane Stone Fashion Crystal Skull Collar Necklace Punk Gothic Jewelry
4476aa7f-d1b8-4b06-93aa-95e3e74def2e	Kitchen	Thirstystone Set of Four Galvanize Drink Coasters
56ba7404-f89f-471b-a0c8-5fd4ed051f14	Kitchen	Nordic Ware 52822 12-Cavity Bundt Cupcake Pan, Mini, Colors Vary
a1b18d88-b0e4-4bff-b087-c8dc57b4e3c7	Jewelry	Crystal Clear cz Pentacle Wiccan Wicca Star Dangle Belly button Navel Ring 14 gauge
3f2d4b84-0bf9-4a60-b0ad-65b59cbb882e	Jewelry	"Sterling Silver Black and White Diamond Accent Drop Pendant Necklace, 18"""
6320a83f-b78a-4b20-a849-107aaead0ce3	Jewelry	Brilliant® 8 Oz Jewelry Cleaner with Cleaning Basket and Brush
41268ad8-a37f-4d2e-94a1-090d8293d44b	Kitchen	T-fal C76220 Specialty Stainless Steel Dishwasher Safe Whistling Coffee and Tea Kettle
c2e07dcd-5ecc-4b97-9272-eadf5a134d82	Jewelry	Sterling Silver Hollow Heart Stud Earrings - 4mm
602f9ae8-8744-4c5e-a171-15135a5a9e23	Jewelry	Corinna-Maria 925 Sterling Silver Dachshund Dog Charm
026fa66e-c675-4290-adf5-7a0168a6fc27	Kitchen	World Kitchen Pyrex Smart Essentials Mixing Bowl, 4-Quart
f3a31919-405e-4d84-9cee-06bc8e467e08	Jewelry	Cross Necklace for Men with Large Pendant 24 Inch Curb Chain (Color : Silver / Gold / Black)
4520b6ba-fac6-4336-84d2-108679727a7c	Jewelry	5MM All Natural Round Peridot Stud Earrings in .925 Sterling Silver
87febaae-eb07-49b8-abe9-2e60da6fedb0	Jewelry	Lucky Dragon Antique Silver Tribal Cuff Bracelet
44c09d5d-fa59-4ae2-b5cc-c3664fbd7ff5	Kitchen	Ostart Fruit Peelers Pineapple Corer Slicer Cutter Parer Cutter Knife Stainless Kitchen Tool
82784d5f-f368-4f62-98e8-d78ad0dce4ee	Jewelry	"Hello Kitty Girls' Crystal and Enamel Initial Pendant Necklace, 18"""
117dcb88-39ad-47f3-8d72-0076a10e0185	Kitchen	Fagor Splendid 4-Quart Pressure Cooker
8505db07-f8e3-499b-bbae-ac8061a8b050	Kitchen	Wusthof Precision Edge 4 Stage Knife Sharpener
4aa1239d-451f-42a2-b77b-279fdfcc8d1f	Kitchen	Butter Knife Magic, 3-in-1 Spreader, Grater, Slicer, Curler, 304SS Stainless Steel with Brushed Metal Finish. Create Spreadable Butter Ribbons and Slices. Stop Tearing Your Bread. Makes a Great Gift.
9bbae64f-af9b-46c4-a41f-f69d29c2a3fb	Jewelry	Embedded Steampunk Watch Parts Plugs -1 Inch - 25mm - Sold As a Pair
a4d2a749-6348-4526-88c3-83cb165d2b72	Kitchen	FP Coffee Maker French Press Coffee Maker w/ Glass Carafe and Sturdy Plastic Frame: 34 oz (8 cup) capacity; black
2dd5246d-bd4c-4064-9267-01c5d9b22ddc	Jewelry	Minecraft Diamond Ore Pendant Necklace
16a53695-4055-47af-8618-8775903c6a59	Jewelry	Lab Created Blue Opal Band .925 Sterling Silver Ring Sizes 4-11
9c647469-d8b1-4af3-8e70-7f5dc7718acc	Jewelry	INBLUE Women's Stainless Steel Eternity Ring Band CZ Black Wedding
d4b67fbf-f154-4b51-96d8-2f9a6d8791ae	Kitchen	Nut Cracker and Lobster Opener, 6-Inch, Pack of 4 by The Cook's Connection
7028f0bf-0441-444d-9afe-1acd7227640f	Kitchen	Perfect Pod Eco-Fill Deluxe Refillable Capsule, Keurig 1.0 and 2.0 Compatible
798e945a-da68-4a15-bba3-eb336a6a530a	Kitchen	Hamilton Beach 22444 SmartToast Extra-Wide Slot Toaster
a1e8f307-4f00-4a36-84b1-dc66c995ffa1	Kitchen	Keurig K450 2.0 Brewing System, White
2e4fccfe-996c-41ee-bb9b-dd79df15f743	Kitchen	Bar Drinking Glasses-w/Multi-Color Flashing LED Lights, Party Favors
c22b7e20-cb94-4466-8c2b-cfff0d4030c8	Kitchen	BLACK+DECKER Toaster Oven
d4faf669-b23c-4e0d-9c7a-ac8acbe4bf60	Jewelry	Susenstone(TM) Womens Girls Simple Metal Double Leaf Pendant Shiny Alloy Short Choker Necklace (Silver Color)
0bb75cac-c31b-46da-97e4-e03e7b525f05	Jewelry	INRENG Stainless Steel Micro CZ Pave Black Couples Promise Wedding Bands Ring
e3ff2635-1bf2-4543-af88-efd0917190df	Kitchen	SterlingPro Double Wall Stainless Steel French Coffee Press
f696bc62-e8fc-4ebe-936d-2de1e073fca2	Jewelry	Mickey and Minnie Inspired His & Hers Couple Bracelet Set (Stainless Steel & Gunmetal)
f7138f8b-8cce-4a34-8fb8-cdfb39758dd1	Jewelry	Sterling Silver Mesh Chain Bracelet
599a6308-0e99-483c-b0da-7c46aa9909df	Jewelry	Jstyle Mens Vintage Leather Wrist Band Brown Rope Bracelet Bangle
e55c2506-4a1f-49f4-9927-548a896933a0	Jewelry	"Sterling Silver Dolphin Heart CZ Necklace Pendant with Synthetic Blue Opal and 18"" Box Chain"
c5ffe110-8d0f-4984-add7-0796b1a4f2cd	Jewelry	Pandora 791290 Happy Anniversary Charm
6fb8d175-1717-4ba6-9120-b938e7c8c07f	Kitchen	"YBM Home & Kitchen Bamboo Kitchen Tool Utensil Holder 4""Wx4""Lx6""H #331"
575e1d11-5de3-4b3c-b8ad-a774477e487b	Jewelry	HUAN XUN Custom Name Necklace Personalized Initial Necklaces in Golden Silver
8ea48b6c-4534-496b-8168-bf0ba35eaf63	Jewelry	Tzou Vintage Tibetan Silver Ethnic Gothic Oval Turquoise Inlay Wide Bangle Women
4594c348-a50a-4e0a-ac9a-9f16fb172f86	Kitchen	Cuisinart 2-Slice Compact Toaster
37279c15-958b-40e5-a472-f549f2e0a4d4	Kitchen	JAVOedge Colorful Double Pocket Lunch Bag Tote with Zipper and Handle and Bonus Drawstring Bag
cc03c764-452e-4ce5-b992-383da2e9fdff	Jewelry	Qiyun (TM) Chunky Tibet Silver Tribal Heart Love Pendant Bib Choker Necklace Earrings Set
6d00cda5-9940-477e-8091-d826074acb49	Jewelry	"Gold-Tone Cabochon Bubble Necklace, 19""+3"" Extender"
f9385319-a4e8-4da3-b657-cf0c7b282aa6	Jewelry	Moon Wings Solid Sterling Silver Lion Vintage Mens Ring
4352dfd1-d914-4f3b-ae6b-0676203bb3ad	Jewelry	Cord Ends, Hammered With Loop, Fits 5.5mm Cord, 2 Pieces, Antiqued Silver
c8b655e6-0da5-4a9b-a3ae-174a8388869c	Kitchen	Lenox Butterfly Meadow Dragonfly Dinner Plate
49996c3a-0bd2-4bb0-8bda-d326ec3f5ff3	Kitchen	BlenderBottle Classic Shaker Bottle
6a737e89-b273-454e-bd8a-07dce5dc36e2	Jewelry	PiercingJ 6pcs Punk Fashion Stainless Steel Spike Hoop Huggie Stud Earrings
2e6718e2-84ef-405f-8030-f1682aa925a4	Kitchen	Premium Vegetable Spiralizer Bundle - Spiral Slicer - Best Veggie, Zucchini Spaghetti Pasta Noodle Maker - Black
210f7ac5-fddc-44dc-ad4c-c2b2a6e413c3	Kitchen	Francois et Mimi Multi-Compartment Stackable Bento Lunch Box
72fae4c5-ea0d-4778-a994-9d2bd8f4f39a	Kitchen	VonShef Stainless Steel Butter Dish with Lid
abdf51d7-ea83-46e6-8756-69a84669f2bf	Kitchen	Cuisinart TOB-40N Custom Classic Toaster Oven Broiler
0e2e80e6-5b4d-40a3-b455-628c57faf2d1	Jewelry	Sterling Silver Finger Rosary Ring (925 Sterling Silver - Glossed - many sizes) - American Standard ring Sizes are listed
47e17d4e-89c5-4b37-ab67-5fb3c05ac95b	Kitchen	Many Choices Reusable Grocery Bags Large Foldable shopping Bag Handle Tote ECO Market Bag
5afb3ee2-0f6f-4f57-ae82-03df13f534a4	Kitchen	Meal Prep Haven Stackable 2 Compartment Food Containers with Lids, Set of 7
9e3ca009-071d-447f-ad52-28d2519b0eae	Jewelry	Bella Ryann Basketball Gold Charm Bangle Bracelet
44f993e3-7875-49ec-a67c-9f317de9af04	Jewelry	CHOP MALL® Women's Cute 925 Sliver Rhinestones Balls Christmas Earrings + Free Wristband Accessory and Ring
a3708e1e-f65f-426b-8169-ad33bfd0d746	Jewelry	"Sterling Silver Diamond Dancing Teardrop Pendant Necklace (0.01cttw), 18"""
04a29344-768b-4cd0-8d71-0ac8429350ef	Jewelry	Lux Accessories Soccer Ball Futbol Fútbol Football Pave Pendant Necklace.
f6823879-ef7d-40e0-8d90-a58b8a4df1f1	Jewelry	Tomas Jewelry Sterling Silver Crystal Cross Toe Ring
19c8ac1c-5c5b-4933-8cfa-b341752df5d3	Kitchen	50th Anniversary Centerpiece Party Accessory (1 count) (1/Pkg)
0b6dadee-05de-4236-940c-662eab954167	Jewelry	"MAJOR OAK LEAFS POLICE ARMY MILITARY SHERIFF MARINE UNIFORM COLLAR BRASS INSIGNIA EMBLEM PINS, GOLD FINISH, SIZE SMALL 3/4"", PAIR !! 2 INCLUDED !!"
5d050c2d-27f0-4fdc-93d1-48922d2d4f74	Jewelry	Heart Shape Mystic & White Topaz 925 Sterling Silver Engagement Ring
8c5790c9-96ad-4fb4-a3e3-c36c7b1b96ba	Kitchen	Lustroware Smart Locks Jumbo Keeper 4.2-Gallon Food Container
08c40e99-0747-4e57-8617-3c5eb7b18b99	Kitchen	Chefs Star Premier Automatic Milk Frother, Heater and Cappuccino Maker
6f49668a-0054-4e8f-ab3a-64439a1f61c3	Kitchen	Vandor Doctor Who Weeping Angel Heat Reactive Ceramic Travel Mug
fbf59ba6-f5a9-4f16-9b9d-e80f59cbb638	Jewelry	925 Sterling Silver 2.00 Carat Round Pink Cubic Zirconia Stud Earrings. 1.00 ...
6bb1bc0f-9fc6-4a86-855a-916da7caf609	Jewelry	14k Goldfill Sterling Silver Cuff Bracelet
bde7c2fc-215d-4b2c-89fe-9005948d4a22	Kitchen	In-Drawer Bamboo Knife Block without Knives. Knife Storage and Organizer holds 10-15 knives by Shenzhen Knives
c38705a3-39b2-4d0a-bfcf-f60385d34f87	Jewelry	"Kenneth Cole New York ""Merlot"" Woven Faceted Cherry Bead Round Pendant Necklace"
96925511-fc87-44ff-b20d-6c346941e771	Kitchen	T-fal 874600 Classic Avante 2-Slice Toaster with Bagel Function, Black
526ba8af-c676-4e08-b3cd-5dbbeab20857	Jewelry	STR-0450 Stainless Steel Black IP Grooved Edge Center Chain Ring
45e3efe3-a897-47ce-99e5-5cd21b1de5fb	Kitchen	"4 3/4"" - Tennis Party Appetizer Toothpicks / Swizzle Sticks - 100ct"
1935117a-2e62-4e3c-b5b4-8e0beebb164d	Kitchen	West Bend 77202 Electric Can Opener, Black
a50f39b3-72bf-4519-aec5-f78e8190709d	Jewelry	Jstyle Jewelry 2 Piece Mens Womens Friendship Yin Yang Necklace Pendant Couples Necklace
bd723a85-4be6-45f3-9440-619484ac9c65	Jewelry	"NOVICA White Cultured Freshwater Pearl .925 Sterling Silver Necklace, 18.5"" 'Lucky Cycle'"
3ae70eb9-0774-40b1-9896-efe1405b9bbd	Jewelry	Pandora Disney Snow White's Apple Charm
e3a851a9-344c-4d5e-9e44-67bc42202368	Kitchen	CleanCup Descaling Liquid for Home Coffee Machines (14 oz bottle)
0927e9f5-55cd-4576-9e06-f82316f29ef8	Kitchen	Anchor Hocking Glass Open Handle Measuring Cup, 16 Ounce
4d2ad29f-964c-47a4-b0ea-9b9d445319bb	Jewelry	EWIN(R) 1PCS Popular Beaded Drop Necklace Chain With Earring Jewelry Sets White
0b8ea5a9-90c1-4b98-ac56-e26c66b6d1fe	Jewelry	It's Silver Solid Cubic Zirconia 2.00 Carat Round Nekclace with Pendant and 18 Inch Rolo Chain
95bbbdd2-737c-4f52-8d56-017addd957df	Jewelry	STEEL RING MANDREL,NO GROOVE Sizes 4-16, quarter increments
331d4115-e16f-469e-93c9-281b77207103	Jewelry	"YAZILIND 2pcs Mens Womens Puzzle Stainless Steel Love Pendant Couple Necklace Gift 17"""
9a0a47d3-7e3d-4826-813b-c58ce6434a50	Jewelry	Large Face 7mm Fire Opal Orange Stainless Steel Stud Earrings with Deep Red-orange Cubic Ziconia Accents
3b209176-6f14-43f8-b9fd-c4ae5d01259e	Jewelry	3D Arrow Spiral Barbell 14 gauge Steel In and Out Arrow Cartilage Earring-Lip Ring Hoop-Tragus Earring
ce601477-4b2e-45f5-afed-42f9618c7eab	Kitchen	Good Cook Salad Spinner, Deluxe
cd87f853-45e5-446a-bea1-9c1b6f31e8f4	Kitchen	T-fal E765SC Ultimate Hard Anodized Scratch Resistant Titanium Nonstick Thermo-Spot Heat Indicator Anti-Warp Base Dishwasher Safe Oven Safe PFOA Free Cookware Set, 12-Piece, Gray
15043531-5a60-4806-83c6-89ca412b8d13	Jewelry	Rembrandt Charms, Baseball Glove, Simulated Pearl
ed08b75a-a63a-4fe9-84da-8e8ecbbd9f63	Jewelry	1 X One Piece Skull Logo Anchor Logo Necklace Trafals Gallo by Death
ec479c88-9ee8-492a-9252-b23a1590bea5	Kitchen	Chefs Secret 4-Cup Heavy-Gauge Stainless Steel Espresso Maker
ac220087-0bad-45c8-91b6-770e0c5fad82	Kitchen	Now Designs Coffee Tin
5848f698-2410-4dea-88c9-6d891d9aaa22	Jewelry	TWINKLE Bracelet Vintage Silver Infinite Bracelet Love White Blue Leather Rope Cross Infinity (2)
1db92d1d-a1c3-41c3-8592-d0c2f8205422	Kitchen	Ninja BL201 Kitchen System Pulse with 2 Single Serve Jars
5e503b51-56a0-4841-aef7-8463ec416133	Jewelry	Caperci 2.0ct Black CZ Diamond Wedding Engagement Ring Bridal Set Princess Cut Black 925 Sterling Silver
93f33e40-29ac-4088-b809-2ffe85dd1062	Kitchen	Wusthof Classic 10-Inch Super Slicer
6ab0e074-45a5-4790-a017-85618082fa2c	Kitchen	Amber Spray Bottle Ideal for Essential Oils w/ Black Mist Sprayer and Leak-proof Cover 2oz
78cda693-2494-4111-8b79-9b381cc7aa21	Jewelry	Silver-tone Simulated Pearl & Crystal 16in Necklace
16194779-19a0-41d9-a770-43228a032449	Kitchen	Disposable Filters for Use in Keurig Brewers - Simple Cups - 100 Replacement Filters - Use Your Own Coffee in K-cups
22ef857b-fcad-4ad8-ab40-925d21ca073b	Kitchen	Bellemain Adjustable Burger Press with Auto Expeller
17c5f4ec-bd21-49fe-b764-5f247b8f92c6	Kitchen	Breville Crispy Crust Pizza Maker
3e241866-942b-4a76-8896-12dec938373d	Kitchen	Now Designs Owls Canister, Large, Dark Blue
cff73259-edc5-4390-9ea5-102d38f12e24	Kitchen	"Browne (HL288S) 7-3/8"" Deluxe Spreader"
