daa54754-af9c-41c0-b542-fe5eabc5919c	Kitchen	Bodum Travel Press 12-Ounce French Press Coffeemaker, Black
ab602aca-9bad-4aa9-bd42-6ce24cdf8680	Kitchen	RH Forschner by Victorinox BladeSafe for Knife Blades
f98cd8d3-d6fe-4ee3-8c9f-a18c1690f7a6	Kitchen	Bellemain 12-Cup Nonstick Madeleine Pan
396f73e3-e3ef-4c93-a4b7-e8b04c6a2223	Jewelry	8mm Heat Treated Agate Beads Tibetan Buddhist Prayer Meditation 108 Mala Necklace
329ed5e3-8b47-4e78-961b-18b89e7da808	Jewelry	"2.50 Ct Oval Black Onyx 925 Sterling Silver Pendant Earrings Set with 18"" Chain"
e61dca8b-3577-4c88-a9de-47db3bc3cc99	Kitchen	Norpro Stainless Steel Grease Catcher/Strainer
39191b63-8e02-4292-8d11-67c6f2bb1ae3	Jewelry	Meily® Tribal Ethnic Coin Tassel Gypsy Festival Turkish Beach Anklet
b9d72513-97db-4121-baa1-f9665b5dc1cd	Kitchen	Food & Wine For Gorham Modern Farmhouse 16-Piece Dinnerware Set, Dusk
a6260267-9a39-454f-80fa-5232909049e0	Kitchen	Mr. Coffee Single Serve Coffee Brewer Powered by Keurig Brewing Technology
e3167452-e087-47e6-a77b-d0efb0a1b997	Jewelry	Tibet Silver Diamante Heart Acrylic Beads Neon Eardrop Stud Earrings
93163305-6046-41dc-b64b-e85b24e61269	Jewelry	Blue and Gold-tone Stripe of Waves Glass Bead Sterling Silver Core For European Charm Bracelets
34fe8d10-3554-4b0c-99a6-a000bdc47b9b	Jewelry	Silver-tone Cross With Caduceus Emblem Nurse Pen - Perfect Nurse Gift
f768c63e-616c-4578-9b60-d2c66972992c	Kitchen	Keurig K450 Brewing System, Black
5e60bd1b-28ca-4119-bc43-c4201cef0247	Jewelry	KONOV Men's Wide Stainless Steel Rubber Bangle Bracelet, Blue Silver
acc327b7-d749-4900-86d2-5dea1ebb4193	Kitchen	Big Balls 4 Pack Large Silicone Ice Ball Mold
ef3ac854-c6a0-4dd4-8342-4c20d15edac7	Kitchen	Nostalgia SCC399 48-Inch Snow Cone Cart
b1c07c7e-4f95-4a1e-a25f-df169de46011	Kitchen	Fred & Friends COOL SHOOTERS Shot Glass Mold
1ad593c0-52c8-4c82-b682-21db37f862cc	Jewelry	Tzou Vintage Tibetan Silver Ethnic Gothic Oval Turquoise Inlay Wide Bangle Women
7e51e537-6617-4450-a65b-4e5abee27b43	Jewelry	Yazilind Jewelry Charms Design Crystal Inlay Anchor Shape Silver Plated Mini Stud Earrings
ffbd5589-5aac-4344-a591-8a4887dd1dc7	Kitchen	Veggetti Spiral Vegetable Slicer, Makes Veggie Pasta
57c9c17b-98fd-4286-85d4-f0539e81a0d3	Kitchen	Zippo Butane Fuel, 3 Pack
a14eb4b5-7763-464f-919b-e72804270f9a	Kitchen	Bartelli Soft Edge Automatic Electric Can Opener - Blue
2eb0961b-9bb1-4c1d-8b71-4180e706534f	Jewelry	Charm.L Grace Jewelry Vintage Alloy Flowers Collar Necklace Earrings Set
afd402e6-1bba-43d4-9ef7-b3706409e38c	Jewelry	Gay Rainbow Sisters Gay Pride Leather Bracelet Wristlet
34ac55e7-6e90-45b5-a586-e3e8cde05e34	Kitchen	"Vegetable Peeler, Ergonomic Pressure Absorbing Handle, Stainless Steel Blade, Modern Super ""Y"" Pro, Red"
1cf19399-953a-4444-baa1-c99285443d32	Kitchen	Biscuit Sheet
66491d95-37ce-4f40-9058-d4cb725f2afc	Jewelry	BodyJ4You Professional Body Piercing Kit (Belly Button,Tongue, Eyebrow, Nipple, Lip, Nose) 14G Needles
6621caa1-2a47-4c18-8dd2-d15c4e4312b4	Jewelry	JC128 Flower Earrings, Starfish Earrings, Faux Diamond Embellished Earrings
f9c56e5a-2663-4777-8076-76ee5e6309f7	Kitchen	Crock-Pot Crock-Pot 20-Ounce Lunch Crock Food Warmer, Black/Blue,  1, Black/Blue
ab09b9c4-bcd2-44ed-9873-79fb0ecd67ac	Kitchen	T-fal A90996 Specialty Stainless Steel Double Boiler with Phenolic Handle Cookware
1d0f80ab-0fa6-42ec-907e-95e271358b9b	Jewelry	Tomas Sterling Silver Crystal Stud Earrings - Pacific Opal
efbc939c-3ad3-4bd7-b2ef-5e34aabd3ef7	Kitchen	Wusthof Gourmet Offset Slotted Spatula, 6-1/2-Inch
a76c0826-b5c9-4c83-b678-74dcdf92d8b5	Kitchen	Delonghi EMK6 Alicia Electric Moka Espresso Coffee Maker
e9e4fddb-f5d7-4fad-a2ca-84c659a2fec1	Kitchen	Joseph Joseph Twist 2-in-1 Silicone Whisk
cc9d4991-a063-4a56-882e-2bdf2fe24be4	Kitchen	Bakelicious 72830 Christmas Barkitecture Chocolate Mold, Silicone
dbd8ada8-2755-4867-8dc2-8046a235c46a	Kitchen	Inspired Basics Cast Iron Cleaner XL 8x6 Inch 316L Highest Grade Stainless Steel Cast Iron Skillet Cleaner
ef884d81-0309-491e-bb76-fbf13173fdfd	Kitchen	"12"" Latex Balloons"
bd8f77d8-af0d-4928-9f91-c155044a48cc	Kitchen	Lakemint Zoodle Chef Vegetable Spiralizer with Recipe e-Book and Cleaning Brush
4d736ae6-5950-4241-9d70-d7acd2d0bd09	Kitchen	Ivation Lightweight Digital Kitchen Scale w/Plastic-Covered Buttons - Ounce, Milliliter & Gram Weight Units - Features 11 Pounds Capacity & One-Button Tare Setting
baa90425-1179-4c11-aad7-bbe646fa2556	Kitchen	Zak Designs Confetti Red Extra Large Mixing Bowl
0d3d2799-aaf1-4c31-9533-ee16ec4c3fb3	Jewelry	Girls Earrings - This Cute Pair of Little Girls Stud Earrings Is Studded with Clear and Pink Rhinestones - Jewelry for Girls or Flower Girls Are Always Popular Gifts
714b4282-7773-416f-9031-50784580dc45	Kitchen	Cybrtrayd Life of the Party AO062 Cherry Bon-Bon Chocolate Candy Mold in Sealed Protective Poly Bag Imprinted with Copyrighted Cybrtrayd Molding Instructions
dcaab57e-2ae1-4662-96f3-40629b0ec8e5	Jewelry	Rembrandt Charms Music Charm with Lobster Clasp
77398786-8b44-4f8e-a35e-b87071fe6e3c	Jewelry	Bling Jewelry Kids Red Enamel Apple 925 Sterling Silver 11mm
cd3b254e-1398-4001-9642-eba75d67dfad	Kitchen	Rubbermaid 26073 Limited Edition Dishwasher Safe Pitcher, Red
7026f0cc-8370-4abf-a2d8-1f59244f0700	Jewelry	Aiyaya Jewelry Vintage Grand Choker Rhinestones Fashion Necklace
e8f86669-aa81-4ecc-9711-6f1d7eb6c07f	Kitchen	12 Black Plastic Pour Spout Dust Cap Covers Universal Dust and Bug Protection
36bb9b53-cc30-44d4-8408-23c19b9d6564	Kitchen	Cute Rilakkuma Bear Plastic Chopsticks with Silicone Guides -Brown Color
70128d47-b744-4421-96ff-a52d3b0d52cf	Jewelry	Sterling Silver Purple Amethyst & White Topaz Gemstone Women's Ring Sizes 5 to 9 (4.90 cttw, 14X10MM Oval)
19d3c205-8dfb-473d-ad21-30514e05e2f5	Jewelry	Aqua lt blue Flower Starfish top & bottom 2 pc spinal Belly button navel Ring piercing bar body jewelry 14g
bf4f3700-b6e3-4000-a88d-acf081884641	Jewelry	Lokai Bracelet - Medium
1c6417db-3cda-4a02-bb43-71104c2f5f7a	Jewelry	Sterling Silver Swirl Hook Swarovski Elements Crystal Heart Drop Earrings
b0e6bb50-a31e-44e5-a68d-caaeec6470ad	Kitchen	OXO Good Grips Zester and Grater
87be9f94-ac75-41d3-bfd1-9c95a2bd65f5	Jewelry	His & Her's 8MM/6MM Tungsten Carbide Celtic Knot Dragon Design Carbon Fiber Inlay Wedding Band Ring Set
280256b4-49cd-4f87-a3ca-aa6eea48376e	Jewelry	Long Necklace for Women Handcrafted Silver Tone Czech Glass Crystal Bead
2d653c2a-7b5c-4789-82ac-df4e0951131f	Jewelry	14k White Gold 2-6mm Basket Round Solitaire Cubic Zirconia Children Screw Back Baby Girls Earrings
01a0027e-f261-4402-8802-c69ec62eae4c	Kitchen	Basily Vegetable Spiral Slicer - Stainless Steel Vegetable Spiralizer - Best Way To Julienne A Carrot, Potato, Zucchini, Cucumber - Special Japanese Blades 2 Julienne Sizes Professional Spiral Cutter -
a71591fc-91c4-47c0-ad0a-dd33c244738e	Kitchen	Jollylife Silicone Mold Ice Cube Tray Ball for Star Wars Lovers or Party Theme 2pcs
033c543c-da1e-4b3c-a11b-261aef50d201	Kitchen	Dolisia Stainless Steel Whipped Cream Dispenser – Culinary Professional Starter Kit 8 N20 Cream Chargers (Whipped Cream Dispenser + 8 N20 Cream Chargers)
17b8efe6-e0b2-4e49-a5fe-24bc8568d742	Jewelry	Gold Plated Heart Ring, Love Ring Heart, Promise Ring 925 Sterling Silver Plated in 18k Gold -Available sizes 5,5.5,6,6.5,7,7.5,8,8.5,9
edea43cb-e1b7-453b-9e9b-e0efd1592231	Jewelry	Diva Co.black Onyx Pendant Tassel Lace Choker Handmade Necklace Lolita
64a5234d-f9ac-4baa-85d4-22680004effd	Kitchen	Taylor Precision Products Digital Refrigerator/Freezer Thermometer
6f406526-b139-426e-bd70-be38de9736f9	Kitchen	Top Rated Bellemain Premium Quality Stainless Steel Lemon Squeezer with Silicone Handles
064d6b5e-68da-4a34-9ba8-f521d61ac27f	Jewelry	8MM Tungsten Carbide Men's Wedding Band Ring in Comfort Fit and Matte Finish Sizes 5 to 16
45e740ca-473d-47ae-84e1-badd8b3f74b3	Kitchen	Wagner Magnalite 5781 Aero-Thermal High Performance 1 Quart Cooking Saucepan with Lid
d97b6acb-c430-46ca-9751-4a1752af34a7	Kitchen	FloridaBrands Plastic Ice Cube Tray - Color May Vary
3585c0df-540f-4d8c-bb5a-59ee19480cda	Jewelry	Bling Jewelry .925 Silver Natural Compressed Turquoise Leverback Earrings
b8599cbe-1ec2-4884-8584-7418e848c255	Kitchen	Sato Cutting Board Holder Stand
dd623e94-9422-460f-8c20-190d0d5432f4	Kitchen	iSi Set of 3 Flexible Measuring Cups - 1
5197ffce-4b62-43a6-907c-3d7e3515b1d6	Kitchen	Tovolo Twist-Lock Corn Holders - Set of 8
ac66c1cf-e87f-47ab-a391-26acb7797d58	Kitchen	3dRose wb_4186_1 Trombone Sports Water Bottle, 21 oz, White
e0e0053b-f9f3-4f7d-9513-d3e1625ceaf0	Jewelry	Sterling Silver 1.5mm Italian Round Wheat Chain (14, 16, 18, 20, 22, 24, 30 or 36 inch) …
b007e2a8-cd1f-4ed2-b912-1bd1153d4dd1	Jewelry	Ladies Adjustable Italian Design Mesh Bracelet
9a5c6344-e6a6-486a-ae0d-134ed7de3e1d	Kitchen	5pc Cake Decorating Molds- Premium Silicone Decoration Molds for Sugarcraft, Fondant, Gumpaste, Resin Mold , Lace Embossing Impression DIY Cake Fondant Decorating Mold -(set of 5)- Pink
3df801cb-2325-4e31-bc41-ee71ae851664	Kitchen	J.A. Henckels Twin Gourmet 18-Piece Block Set with Instructional Knife Skills Video
8d9d81bf-1be2-4226-a5bc-0af09506df22	Jewelry	Pair (2) Steel CZ Single Flare Ear Plugs Clear Gem Gauges Tunnels - 2G 6MM
2cd0cb45-48b7-4742-aeea-df2f991cac53	Kitchen	T-fal FR4049 Family Pro 3-Liter Oil Capacity Electric Deep Fryer with Stainless Steel Waffle, 2.6-Pound, Silver
d9c1203c-f961-438f-9e59-ac61df27e038	Kitchen	"Catskill Craftsmen Reversible Perfect Pastry Board, 22"" x 16"" x 3/4"""
43bf23a7-6a98-4a05-b49e-b25e84c46935	Jewelry	Stainless Steel Polished CZ 4.00mm Band.
8adce774-d906-4774-a207-82fa7258e6e7	Jewelry	Sterling Silver Dog Dangle Earrings
df28a8ea-508b-4a22-aad0-51c6b986b703	Jewelry	BodyJ4You 36PC-72PCS Crystal Stud Earrings Lot Flexible Bioflex Ear Piercing Stud Gift Set
0f7a8aca-c7d5-4139-8ecd-5d8501d61088	Jewelry	8mm Men's Titanium Ring Wedding Band Black Plated Satin Polish Ridged Edge Size 8-14 SPJ
c9dc0726-b779-44d0-a4f4-7e83baa3cca4	Jewelry	KONOV Polished Stainless Steel Bangle Cuff Bracelet, Unisex Mens Womens, Color Gold
f72a5f00-b9fd-4f8d-9092-2dfdc6d4485f	Jewelry	Unistyle Jewelry Vintage Mens Womens Leather Bracelet with String Beads Brown Adjustable Bangle
df7e80d4-0708-4d7c-a09d-684b46478dcc	Kitchen	Aerolatte Shaker and Cappuccino Art set
bc9ecd60-708d-4452-8198-1214edf344c4	Kitchen	Cuisinart CEC-10 Egg Central Egg Cooker
d9f56461-5547-4ba8-8ba4-a4fdf81de20b	Jewelry	Lux Accessories Womens Tribal Floral Bib Statement Necklace
71d871c8-2a59-42de-96f5-3423ee5d4784	Jewelry	KONOV Mens Womens Genuine Leather Bracelet, Angel Wing Braided Cuff Bangle, Black Silver
78a62ae0-7c26-4284-81fb-30a716dd2411	Jewelry	KONOV Mens Womens Agate Onyx Hexagonal Prism Pile Natural Gemstone Pendant Necklace, 24 inch Chain, Black
f638499c-6670-496e-a0f6-3e8ad1944343	Jewelry	Sapphire and Diamond Ring 14K White Gold
00552178-6074-4f0d-8351-6cb508a9c208	Kitchen	Taylor Precision Products Classic Line Candy/Deep Fry Thermometer
233528b9-514c-4ff9-91f0-3f2517ffac67	Jewelry	.925 Sterling Silver Rhodium Plated Wedding Engagement Ring
3dfab41d-99be-4109-8721-5a3343cd930d	Kitchen	Raw Sugar Cane Swizzle Sticks - Pack of 20
d8d4ae14-d838-4395-a039-fd2a3b1b5e28	Kitchen	Keurig 2.0 K350 Brewing System - Black
0e75b933-ded8-4164-865a-4983b7ba0cc4	Kitchen	Paderno World Cuisine Spiral Vegetable Slicer / Countertop-Mounted Plastic Spiralizer Basic incl. 3 Different Blades Made of Stainless Steel
81ea7456-0733-4f91-b401-2e9e46c19a3d	Jewelry	18k Gold Plated Asscher Cut Halo Cubic Zirconia Drop Earrings (2.60 carats)
c59903d2-a6a1-4b07-ad6b-ba3af90b9f4f	Jewelry	Tibetan 5mm Elastic String Happy Buddha Charm Prayer Beads Wrap Bracelet
02845cd0-2518-4b78-820b-106add23787d	Kitchen	Oster CKSTSKFM05 16-Inch Electric Skillet, Black and Stainless Steel
00645388-2228-452f-9b5c-7d1a0df1e9d1	Jewelry	Black Tattoo Choker Necklace 90's Accessories Punk Choker (2 Pack)
47e073a8-8bcd-4b50-9d9f-dc3ddd150568	Jewelry	"Jewelry Monster ""Cell Phone"" for Floating Charm Lockets"
947989d2-3588-4e7c-bb8c-b163cc8d5386	Jewelry	GURAIO Fashion Lady Strands Suede Rope Bracelet Gift
ffa40a7d-e690-4369-a98a-f996a465d134	Jewelry	DC Comics BATMAN Logo CUFFLINKS and TIE CLIP Set
5371f5cb-856d-4a33-a361-cf542fdf8890	Kitchen	Alaskan Ulu, Legendary Knife of the Arctic
ebf5111b-fb31-4d62-b42c-b2eaa15a86b1	Kitchen	Spiralizer 5-Blade Vegetable Slicer, Strongest-and-Heaviest Duty, Best Veggie Pasta & Spaghetti Maker for Low Carb/Paleo/Gluten-Free Meals, With 3 Exclusive Recipe eBooks
40902631-7afd-4a9d-aea0-db4f3f1cbb9c	Jewelry	5pcs Geometric Above Knuckle Mid Finger Stack Midi Crystal Ring Set S468K10
8f4b3c22-5bc8-475b-a428-b167f7995800	Jewelry	2 piece set pair Gold plated clear cz gem Nipple barbell Ring body Jewelry piercing rings- 14 gauge 14g
1a291ad0-c8e2-4a87-b6ad-88e49e500685	Kitchen	Premium Spiral Slicer - Vegetable Spiralizer with Free Cleaning Brush for Making Zucchini Pasta or Veggie Zoodles
d64d7daf-a942-482c-80b1-9d97e0665d8e	Kitchen	Bellaa Hand Made Designer Wine Holder Pirate Captain At the Helm Gifts Collection
c2f59659-9fd3-43b4-95ed-c09d19b788dc	Kitchen	YSTD® New Kitchen Tool Craft Mango Fruit Slicer Splitter Cutter Pitter Corer Tools
e9791924-15c3-4197-8c38-6281c4a864ec	Jewelry	KONOV Unique Stainless Steel Spear Wolf Tooth Pendant Mens Necklace Chain
7d6206f8-742d-4c01-9c70-2192d3453089	Jewelry	"14k White Gold Italian 0.70mm Round Box-Chain Necklace, 20"""
b3f807c6-0116-4361-850d-f02b6b840274	Kitchen	Farberware BBQ Interlocking Corn Holders (Set of 8)
881b11fc-641b-42f0-9973-68438b222fe4	Kitchen	Bento Box : Hello Kitty Sakura Fuji Sanrio Lunch Box Bento 2stage Belt
a73f6147-5013-4fb8-ab0b-caefa2ce5284	Kitchen	Surfer Street Sign Cutouts   (4/Pkg)
d4dab584-bc5d-4f21-8fc7-1249388c31c1	Kitchen	Granite Ware Canning Kits
3254142e-9931-488e-95a4-27e4f784bbbf	Jewelry	FM42 6-Prongs 6mm Sparkling Clear Crystal Solitaire Engagement Style Ring R51 Size 6
1d92debc-ce16-46dd-9c1b-e8dbb354ecc2	Kitchen	Truefabrications Smartphone Flask, 4 Oz, Black
fd296019-e728-458e-bdf2-c8b3eabf7c93	Kitchen	Fred and Friends PASTASAURUS Pasta Server
712529d5-fca5-49a4-b1fa-824f6c2ff099	Kitchen	Miles Kimball Antique Yellow Butter Dish
7941512a-79e7-4a39-a360-0c24d0cadab1	Jewelry	Sterling Silver CZ Half Hoop Post Earrings
4527a9ef-3b6c-45dc-956f-10dad7c952b2	Kitchen	Thermos Funtainer 12 Ounce Bottle
5f74113f-aaa3-43ab-97b6-d34e56bc14f2	Jewelry	BodyJ4You 18PCS Gauge Tunnel Kit 14G-00G Stainless Steel Ear Plugs Stretching Set Single Flared Expanders
d48625d0-c533-49f3-b57a-d97b18316343	Jewelry	Nanny I Love Heart My Silver Toggle Necklace Crystal Black Rectangle Jewelry
1b171dfe-b13e-4c71-8337-12e102268f99	Kitchen	Ilsa Gas Ring Reducer, 5-Inch, Cast Iron
4e1faad1-d049-4fef-9385-ecf1b0e54d48	Kitchen	Da Vinci Natural Bamboo Large Wood Cutting Board - 12 x 16 Inch, 1 Board
de02cfdb-b10a-484f-957d-b0cf11cbdac5	Kitchen	Style Setter 210898-GR Mason Beverage Dispenser
c5564131-2e9f-4dcb-86af-b9e96f9bf647	Kitchen	Cake Boss Nylon Tools and Gadgets Cake Server, Red
c8d1378e-ca50-4ad8-99d3-3ebe5283933d	Jewelry	Michley Always in My Heart Urn Locket Jewelry Memorial Necklace Stainless Steel Silver
b0170384-c254-4720-a79a-63edbd9b8ed8	Kitchen	New Star 46144 Polycarbonate Plastic Tapered Style Restaurant Water Pitcher, 60-Ounce, Clear
00965ac4-99f8-4feb-93db-1ff71ce1e134	Kitchen	StarPack Premium Silicone Kitchen Tongs 9-Inch, Non-Stick Friendly, Bonus 101 Cooking Tips
45d3698e-2f0d-416c-9401-f3995eb13234	Jewelry	Hip Mall Vintage Choker Punk Emo O-ring Leather Collar Necklace
779112f6-073a-40bb-908e-514829d4ae1f	Jewelry	Chisel Stainless Steel Polished CZ Ring
063a89ac-dd7b-416c-885d-03e55c89d0aa	Jewelry	"SHINYSO Stainless Steel Silver Women's & Men's Fashion ""Lingering Love Cross""Couple Pendant Necklace Set"
ce603435-ce39-4ae8-bce2-c2a510fdee00	Jewelry	1.07ct. Natural Amethyst 925 Sterling Silver Filigree Triquetra Celtic Knot Eternity Ring
ae0fa17c-9ffb-4071-9fc6-956fc9876005	Jewelry	Betsey Johnson Women's Gifting Tiara Pin Pendant Necklace Siam Pendant Necklace
dc03bcf1-46c0-4ea9-8da1-36cfe52070aa	Kitchen	Cuisinart ICE-70 Electronic Ice Cream Maker, Brushed Chrome
5af384ff-31f8-4b20-96f1-d09c200e8877	Kitchen	Tovolo Ice Molds.
fbb206f2-47b2-4ff6-b069-8428465d71fa	Kitchen	Aroma AWK-125S Hot H20 X-Press 7-Cup Electric Water Kettle
a1023de8-b11f-4d96-9b0a-ace772ad6649	Jewelry	16g 16 gauge 32mm surgical steel Industrial barbells Bars ear plugs rings bar black lot AIMX Piercing 2Pcs
fc49957a-cae4-4324-8dac-e2a722880011	Kitchen	Beistle 60633-16 Glittered Metal 16 Tiara Party Décor
0f2e9567-3cbb-4faf-8911-48dd972d9da9	Jewelry	316L Surgical Steel Vine Wrapped Oval Cat Eye Stone Dangle Navel Ring, Aqua; sold individually
18cbcb38-a63c-4d87-8014-82d5c71fad84	Jewelry	1 Carat Radiant CZ Sterling Silver 925 Wedding Engagement Ring Band Set Sizes 4 to 11
fd1f13fa-dd4a-467c-bdec-0e21fd60c1b2	Jewelry	"Solid 14k Yellow Gold 2mm Clear Cubic Zirconia L Shaped Nose Ring 18 Gauge 1/4"""
79dde4d8-3aa1-4b82-9a33-302e2be542f0	Jewelry	A Sodalite Sagittarius Lucky Astrological Rune Pendant Necklace
69918764-0326-4f9a-a6bc-62ce4c4fc40d	Kitchen	Gusteaux Quadghetti Spiralizer - High Quality Handheld Vegetable Spiral Slicer Bundle with 4 Removable Stainless Steel Blades - Best Zucchini Noodle (Zoodle), Julienne & Veggie Pasta Maker
c5fed535-af63-465f-bdce-116446304c75	Jewelry	Attmu 3 Pack Paracord Survival Bracelet Outdoor Emergency Paracord Bracelet with Fire Starter Compass Whistle
1d11ce64-6fa7-4f3d-9d54-750211e4c4fe	Kitchen	NIFTY 6145 Nespresso Vertuoline Capsule Drawer for Coffee Machines, Black
3928466a-f794-4952-803b-57687685b694	Kitchen	Obol - The Original Never Soggy Cereal Bowl / With The Spiral Slide Design 'n Grip - Lg Pink
4066d298-8da2-4d3d-900d-af3606c834a6	Jewelry	Charismatic Charm Star Belly Chain
9bd5b50f-b2ea-47d9-8ae8-351aefbac7f4	Kitchen	Keurig K550 Coffee Maker Single Serve 2.0 Brewing System with Top Needle Cleaning Maintenance Accessory and My K-Cup Reusable Coffee Filter, Platinum
0170b1d0-af6c-43f5-a9c7-e368f84582d6	Kitchen	T-Fal/Wearever 9664000A Jelly Strainer
8acba203-c023-4681-8161-ef6eadff9146	Kitchen	Cuisinairre Bubble 21-Inch Clear Plastic Bubble for Cotton Candy Floss Machine
66b030d6-eb0a-4409-aea2-31e474c3740b	Kitchen	Brentwood KT1785 Stainless Steel Electric Tea Kettle, 1.5-Liter, Red
b6c622ea-ade6-4305-b6ab-8174bd47b0fd	Jewelry	14k Yellow Gold and White Gold Heart Children Screwback Baby Girls Stud Earrings
57898d01-775a-4431-ab89-6d597a4f4f0b	Jewelry	3 Layers Chain Circle Chunky Collar Bib Statement Necklace Pendant X75K03
ae61e9c7-000f-4e3a-9460-a9312bc152eb	Jewelry	Belly Button Ring Navel 316L Surgical Steel, Logo, Dangle, Batman Body Jewelry
30e4b35b-9129-47fc-afec-973862bf1a9b	Jewelry	The SAK Metal Crochet Drop Earrings
a6a0db46-fb69-47a3-846a-c7800c05b035	Jewelry	Sterling Silver Celtic Cross Pendant Necklace
18ddc4bc-f7a3-4a99-bf63-80454b150f33	Kitchen	Paderno World Cuisine Spiral Vegetable Slicer / Countertop-Mounted Plastic Spiralizer Basic incl. 3 Different Blades Made of Stainless Steel
60a48004-f59c-4c3f-aabe-4857317fdaf2	Kitchen	Blue Donuts Clear Bread/Food bags - 100 bags including twist ties
c2c30f6a-1a33-42a0-b72e-912931a97da5	Jewelry	Pandora Bead Inner Radiance Golden and Clear CZ 791370CCZ
b795dfcd-76bf-4cec-8c00-2a6d8f95ea44	Jewelry	Pink AB Rhinestone Small Round Gold Tone Stud Post Earrings
c37e9681-022b-4923-a838-3746dc30827f	Jewelry	Sannysis Infinity Love Heart Key Lock Friendship Antique Leather Charm Bracelet
cf9e68d0-7a62-4d0b-b051-886cca76d093	Kitchen	Smilism Diaper Bag
031fd19f-48a8-4923-b886-bca54d643465	Kitchen	OXO SteeL Garlic Press, Stainless
24566674-58a7-422d-9033-b005bd86594e	Kitchen	EatSmart Precision Pro Digital Kitchen Scale, White
0a7e6948-85fc-4292-9f8d-df22ccb541a2	Jewelry	SilberDream Charm apple, 925 Sterling Silver Charms Pendant with Lobster Clasp for Charms Bracelet, Necklace or Charms Carrier FC3109
052fdb81-f4a9-4b0a-a913-2763be6546b2	Kitchen	The Mexican Kitchen by Rick Bayless Reversible Grill, Large, Black
6b6a4006-f1c0-4648-acf7-6d8f73f5c3bc	Jewelry	KATGI Fashion Austrian Crystals Heart Shape Pendant Necklace
8694795b-258f-47e1-bf54-c12d1c8629d1	Jewelry	Pair of 1 Inch Gauge (25mm) Silicone Rasta Plugs - Double Flare (SIL043)
05f10bb4-aea1-4808-8c9f-ca1feaa6687e	Jewelry	O-stone Wishing Bead Earrings Series
508381f2-d295-46fd-87da-ec16cb5c2f1a	Kitchen	Universal Housewares Pre-Seasoned Cast Iron 3 Piece Skillet Set
2069df2f-d8a4-4da6-9c41-80b3d34ae07e	Jewelry	Catholic Gift Saint St Christopher Travel Protection 6MM Bead 5 3/4 Inch Rearview Mirror Car Truck Auto Rosary
22f8fabd-7884-4dca-88d0-fa1b8bfbc55e	Jewelry	Gem Avenue Sterling Silver Swarovski Elements White Freshwater Pearl with Multicolor Crystal Ankle Bracelet 9 to 10 inch Adjustable
cfdd48a7-8ff3-4de9-85ce-394109134144	Jewelry	Stunning Iridescent Pink Red Plum Opalescent Oval Acrylic Beads Goldtone Stretch Bracelet
b3e45891-65b2-40d6-84a7-7adc26b5d5b5	Jewelry	Tzou Vintage Tibetan Silver Ethnic Gothic Oval Turquoise Inlay Wide Bangle Women
75c68af6-bfde-4f38-9bc6-fe65e6b0921c	Jewelry	"Miguel Ases Prehnite and Mother of Pearl Oval Drop Earrings, 1.35"""
3729140e-8b82-409b-beda-709d66d3a5ee	Jewelry	CrazyPiercing 30 PCS (a lot) 316 surgical Steel Metal Tongue rings barbells body piercing
0876e7a7-8ede-4451-8ae1-c8e10b20dcdd	Kitchen	SunrisePro Knife Sharpener, USA patented, Original
888d4ae7-b04e-4584-a302-76e2dcaa1cb6	Jewelry	INBLUE Men's 8mm Stainless Steel Stud Resin Earrings Black Silver Tone Tapers Plugs Tunnel
fed7b9e3-172e-48a5-9315-b7b8d2adf095	Kitchen	Marquis by Waterford Brookside 6-Ounce Champagne Flutes, Set of 4
7d71af97-8409-4851-ab0e-7dd7ec53e0e4	Kitchen	Berkey Stainless Steel Wire Stand with Rubberized Non-skid Feet for Gravity Fed Water Filter - 4 Sizes
b751a1be-2473-4144-853e-ce1f867c1189	Jewelry	Sterling Silver Live The Life You Love Reversible Pendant Necklace
677cfb18-46c6-4770-b481-a60eb2b49dc1	Jewelry	Mystic Knotwork Original (3-strand) Sailor Bracelet Made in USA
53490736-3f8b-4212-9698-afc6a9819c58	Jewelry	EVER FAITH Bridal Silver-Tone Teardrop Leaf Clear Austrian Crystal Necklace Earrings Set
e9430d61-117e-4578-a6e6-3037e9112fef	Jewelry	"Sterling Silver Freshwater Cultured Pearl with Sapphire Halo Pendant Necklace, 18"""
9ceb1b30-f0f2-4c2b-9b4d-654f8ddb4574	Jewelry	Sterling Silver Oxidized Three Dimensional Airplane Charm Pendant with Polished Box Chain Necklace
b6fe871a-2e58-4e56-a9dd-656a072f6106	Jewelry	Wonder Woman Universe Super Hero Chain Fashion Stainless Metal Necklace
17cd7ef6-e12f-40c5-8797-11105f97c57a	Kitchen	Corelle Country Cottage Glass Cutting Board
dddf4365-a160-49d4-b229-d7bde498db4e	Kitchen	Reusable Straws for Smoothies and Shakes. Heat Resistant for Coffee and Tea. Soft, Safe Silicone. Adults and Kids.
69a36c2b-7250-4308-9661-3776076d7353	Kitchen	Cookware Sets Pots and Pans ,Kitchen Cookware Set Non Stick 18 Pieces
c35beead-a5ea-43d8-b183-5c4c3fa0d995	Kitchen	Chillz Ice Ball Maker - Black Flexible Silicone Ice Tray - Molds 4 X 4.5cm Round Ice Ball Spheres
dcbb3511-b3b0-415f-96d5-34bb80c4c70c	Kitchen	CounterArt Absorbent Stoneware Car Coaster, Dragonfly
59dc9143-4328-41c1-a518-ce947c442884	Jewelry	Men's Stainless Steel Two-Tone Black Bike Chain Bracelet
ab476964-1b81-4aa5-91fd-5af1eaea0a42	Kitchen	BLACK+DECKER 400-Watt Fruit and Vegetable Juice Extractor, Black, JE2200B
fb09b323-5b04-4bb3-9f08-30c6f8e63e9c	Kitchen	Hamilton Beach 12-Cup Stack and Snap Food Processor (70725A)
7a8408f1-8234-4372-b1e6-bbcc9bb744c9	Kitchen	Disposable Cups for Use in Keurig Brewers - Simple Cups - 50 Cups, Lids, and Filters - Use Your Own Coffee in K-cups
1e7a9da5-e0bd-4830-9637-99799c54ea2b	Kitchen	Infuser Water Bottle (Orange)
6b21f9c0-6d36-4f2d-aac5-7bdc2731c36d	Jewelry	Solid Silver Sideways Cross Bangle Style .925 Sterling Silver Bracelet
7c705f28-80aa-4d3a-a4c5-1a6a9d0f1384	Jewelry	316L Surgical Steel 14g Clear Black Paved Heart Hollow Dangle Belly Navel Bar Ring Barbell Body Piercing
bc51bfc6-c3e1-478b-ab29-1c34c576c8db	Kitchen	FoodWorks Silicone Ice Pop Maker Molds/Popsicle Molds, Set of 6
2e06b8bc-fd6d-4dc0-a364-82ab4abb2689	Kitchen	Reusable K-cups for Keurig 2.0 Brewers -Pack of 2
aaae85ef-83ee-4deb-b6f6-f72be1b4b612	Kitchen	Zak Designs 19-1/2-Inch by 11-1/2-Inch Large Rectangular Tray
a5d78c4b-a48b-4efb-9dac-bdc2659f501e	Jewelry	INPINK Fashion Jewelry Tear Drop Earrings With Rhinestones And Flower
d291f359-d8c1-47a1-a745-ddecc3b27dc6	Jewelry	Turkish Murano Evil Eye Bracelet With Blessing Hamsa Hand Stretch
174856b8-e940-488f-8b60-338d181f144b	Jewelry	Flower Of Life Leather Bracelet
3fee491b-b845-4d7c-9301-80d5fb854db8	Kitchen	Cuisinart DCC-1150 Classic 10-Cup Thermal Programmable Coffeemaker
d8237ff3-05d0-4a4d-acc4-5690b11a0b74	Jewelry	2.00 Carat Total Weight Sterling Silver Simulated Emerald Green Colored Round Cubic Zirconia Stud Earrings- May
3a99b893-e7b0-4602-876a-5b31edc3bb02	Jewelry	MIMI Sterling Silver Tarnish-Free Open Tree Of Life Ring w/Free Gift Box Size 5, 6, 7, 8, 9, 10, 11, 12
8dc0b64c-7f2c-4576-b129-4f1a867bf3be	Jewelry	Charmed Craft Heart Rose Pink Crystal Evil Eye Flower Skull Charms Beads
81ca1b53-c347-4741-a230-9571465d9b11	Kitchen	Zeroll Original Ice Cream Scoop
9bb2c221-e16f-4d78-bad8-9048db4e62a7	Jewelry	"EIGA Mother's Day Gift ""I Love You To The Moon and Back"" Two-Piece Pendant Necklace"
9d3a40ef-994c-4cb3-b49c-10292583a639	Jewelry	14 Karat White Gold Pear Shape 2.50 Carats Created Blue Sapphire Diamond Pendant
3195b911-42af-4b26-a965-4f017a8ee566	Jewelry	JewelrieShop Genuine Leather Bracelet Horoscope Bracelet with Constellation Zodiac Sign and Zodiac Charm
52170b3d-1355-4143-8e56-60a6a9769743	Jewelry	April Cubic Zirconia Birthstone, Sterling Tear Ash Holder Necklace
90bade87-e249-4490-8698-4f5ee028f709	Jewelry	Alex and Ani Neptune's Protection Larkspur Expandable Wire Bangle Bracelet
e9c5886f-3436-4ca4-b90a-d943fd856654	Kitchen	Egg Poacher Cups (4 Pack)
e87b1b1b-0a57-4c9a-9982-ab060bdaa975	Jewelry	Egyptian Jewelry Silver Ankh of Life Filigree Ring
f282686b-f210-467d-b7db-46b2e950e957	Jewelry	ILOVEDIY ILOVEDIY 1pairs 80mm Rhinestone Plated Silver Hoop Earrings Big Circle Earring for Women
29f72764-6d3e-49af-bada-a6bb9a445e22	Kitchen	BlenderBottle Classic Loop Top Shaker Bottle, Clear/Black, 20-Ounce Loop Top
7a10a71a-8b06-4eb7-b33b-a88d6b3e92c5	Kitchen	The Original EDGY Wine Foil Cutter Accessory with Stunning Gift Box, Easy Wine Bottle Opening for Wine Lovers, Red
7bbc7e4c-dcfc-429d-97de-df378cc2d354	Kitchen	Vacuum Sealer Bags
d01d3dff-aa01-4200-b262-83be531533a0	Kitchen	Rubbermaid Modular Cereal Keeper Container, 22 Cup, Large
e20198f2-00a3-4bb2-8c47-9a028ae1c00c	Kitchen	Weston Vacuum Sealer
dc1899d8-d879-4a5b-b729-b9f711e01a36	Jewelry	Sterling Silver Rolo-Chain Necklace
d4f9b6d1-5d01-45c5-a279-74a47faa4bd7	Jewelry	"Cavalier Jewelers 8MM Men's Black Titanium Masonic Ring Engraved ""VIRTUS JUNXIT MORS NON SEPARABIT"""
f12a7e5d-2266-49cd-a684-835044185bcf	Jewelry	Lapis Lazuli Wrist Mala/ Bracelet for Meditation
031d882a-b949-4b4e-8b99-ff4857d387c6	Kitchen	"BigMouth Inc Grenade Mug - ""Take a Number"" Ceramic Funny Coffee, Tea, Hot Chocolate Mug Gift"
14b9303d-f778-4a07-99aa-57558145e08e	Kitchen	Emeril Pre-Seasoned Cast Iron Vertical Poultry Roaster
142b538f-388f-4e8e-a9fd-608e3d622790	Kitchen	Zojirushi NP-HCC10XH Induction Heating System Rice Cooker and Warmer
bd86820f-0927-48f4-9180-ea6a83b8ae34	Kitchen	"Mind Reader ""Anchor"" Coffee Pack Drawer for Keurig Vue Packs, Keurig K-Cups, Nespresso Capsules, CBTL/Verismo Pods or Tassimo T-Discs"
7775b562-d669-413a-9057-08d9ab152c6d	Jewelry	3.50MM Sterling Silver 925 Cubic Zirconia CZ Eternity Engagement Wedding Band Ring
e67d74c1-86f1-40ee-b233-d8f70307b55e	Kitchen	Matfer Bourgeat 310812 Smooth/Edgeless Baking Sheet
4e696a07-2b61-405e-8ff9-b11a5361dff3	Kitchen	Le Creuset Demi Teakettle
f8fca6de-c39d-477f-a4fd-b4da20c6db32	Kitchen	Game of Thrones 22oz Ceramic Map Beer Stein
b82de19b-725c-4b21-ac97-510cd21ff62e	Kitchen	BlenderBottle Classic Shaker Bottle
8dc8b0d1-f093-425c-b697-ab56fdd17683	Kitchen	Oenophilia Wine Preserver with Two Stoppers
011a4841-6338-4a19-8acc-a6ccbdefc409	Jewelry	Platinum-Plated Sterling Silver Round-Cut  Swarovski Zirconia Stud Earrings (2 cttw), also Available in Sets
53564ce9-c101-4ddb-ad4e-e8a7e7c41734	Kitchen	Omega J8004 Nutrition Center Commercial Masticating Juicer, White
f0f3dcb2-aad7-4729-b5fb-3888dc932441	Kitchen	10 Cup / 1.7 Liter Capri Stainless Steel Cordless Electric Kettle by ZUCCOR (BOIL-DRY PROTECTED / U.K. MADE HEAT CONTROL)
95421457-f542-434e-aff0-cdd634437e7a	Jewelry	Polished Green Jade Slip-On Bangle Bracelet
e27e5df6-15d5-4633-a495-12c18161ba9e	Kitchen	Monbento MB Original Bento Box
29449dfb-fbbb-4001-bef6-8fff102f53f7	Kitchen	Wusthof Classic Flexible Boning Knife
aa06e4ef-4809-4f3f-bcee-7b730344f4a6	Kitchen	Primeware Clutch Insulated Single Bottle Wine Tote, Blue/Green Burmese
83d4a69b-28a6-4178-bb8d-cec15cf28564	Kitchen	Maverick Electronic Thermometer and Timer
605497c8-cb86-47cc-ae22-a00913446d88	Kitchen	Cuisinart Roaster
e15cbf0f-be0f-4c6c-8ffe-7460e1f3cfa9	Kitchen	LayaStore 12 PCS 3D Yellow Butterfly Stickers Making Stickers Wall Stickers Crafts Butterflies(Model:40X,Package Quantity:1)
b8a82a12-7ea1-4c3f-946c-e27c9edb5295	Kitchen	VICTORIO VKP250 Food Strainer and Sauce Maker
110d2ecb-6887-4113-b13a-038fb60d7c07	Kitchen	Doctor Who Sports PVC Front Backpack
b5688331-6972-4ddc-8b18-8469ed2c76e1	Jewelry	"Bracelet Leather""chai""(life) "" Israel Lives ""Jewish Symbol Israel Judaica Wristband Black"
6e3328b3-6458-49d3-b643-d0744f3bd949	Kitchen	SunrisePro Knife Sharpener, USA patented, Original
18377530-2a79-4ec8-aaf3-41b04560be89	Jewelry	Top Quality 925 Sterling Silver Rhodium Plated Bar Necklace
8cb374ae-c8b9-4d12-913f-96f6499e8113	Kitchen	EZ Off Jar Opener For All Jar Sizes, White
80557652-ac83-48b5-b0bb-2e48a89ae0c6	Kitchen	OXO Good Grips Coffee and Tea POP Container
88e66a00-273c-4e9a-aa8f-67fe0d9b3782	Kitchen	Tovolo Groovy Ice Pop Molds, Spring Green set of 6, 2-pack
45dd273c-5ac4-43dc-8ed6-d30d108eb293	Jewelry	Non-piercing Septum Jewelry: Gold Silver Tone Tribal Hanger 4 pcs Nose Ring (No Piercing Required)
6a1dad68-0f5b-4189-9281-74a7f8d21ff8	Jewelry	INBLUE Men,Women's 2 PCS Stainless Steel Pendant Necklace CZ Black Silver Gold Tone Blade Couple -With 20 and 23 Inch Chain
84d4c7ab-04a4-4138-b21f-a5cbe2bbdbeb	Kitchen	IDEA VILLAGE PRODUCTS SNAKZ Snackeez Snack & Drink Cup, Multicolor
16ecc692-3d65-4b40-898f-563df4cd2bfd	Kitchen	Dr. Joe Silicone Silicon Lids Covers Perfect Suction Seal for Kitchen Home Utensils 5-Piece Set
b5ca790c-b8f1-4daf-9bf4-7463bc4544a9	Kitchen	Sunbeam Products T03-0023-01P Wide-Mouth Jar Sealer
a60c3e9d-79b8-4ffe-9a97-97d2e00b15ff	Jewelry	Unistyle 4 Pairs Set Hoop Earrings Black Blue Gold Silver
c7e8149a-8310-4d5f-b22d-ec5cd0f64047	Kitchen	Zebra DNA Luxfer L6X Aluminum CO2 Tanks with CGA320 on/off Valve
7912e691-ce7e-4492-a127-795716e8fd4d	Kitchen	Kalorik Stainless Steel Egg Cooker, Black/Stainless Steel
1f647b89-0044-4c1f-a1ea-61ec37b3a535	Jewelry	BodyJ4You Bracelet Crystal Balls, Pave Ball 7 Disco Balls
0c515d16-798d-4e48-8eca-8acc13ad1658	Kitchen	MSC Joie Simply Slice Strawberry Slicer
2c4d326e-4c7a-4c10-87c4-3e2e428aef33	Kitchen	Trudeau Fuel Glacier Food Container, Orange
9609ec6f-211b-448a-a373-4bc78098560f	Jewelry	Imixlot® Wide Black Leather Belt Cuff Wrist Band Rock & Roll
0a5409ad-a8c0-4606-bf8d-6faefa57fd05	Kitchen	Frozen Sisters Edible Cake Topper for Cakes Cookies and Cupcakes
3bcf812f-fe88-4b61-883d-fa600f3ee484	Kitchen	Utenlid Acrylic Square Stacked Party Cupcake Stand
f9a0dfd2-4032-4858-80ac-63d53496e48c	Jewelry	925 Sterling Silver Rhodium Plated Mouse Cubic Zirconia Screwback Baby Girls Earrings
9e7d6cc6-c62d-49ad-b96f-b4e30d198a2e	Jewelry	Handmade Sterling Silver, Red Coral & Turquoise Bead French Wire Earrings
2ea0ca0b-dac8-4a08-a749-a3fa040960ec	Kitchen	Ninja Master Prep
bd54b369-254a-4602-afa3-150994297432	Jewelry	925 Sterling Silver Pink Cubic Zirconia Solitaire Pendant Combo Necklace, Earring and Rolo Chain
9cebb8f0-d861-4e6b-bb59-07b89d6da906	Jewelry	"KONOV Wide Genuine Leather Mens Bangle Cuff Bracelet, Punk Rock, Fits 7.5"" to 9"", Black"
685a2b73-3aec-4d49-9f89-8bc4077f5924	Jewelry	"Pair of Double Flare Genuine Amethyst Stone Organic Ear Plugs 10G-1"" Gauge"
35b9d104-3db6-48df-b3bb-10bc54fbd7cf	Kitchen	Back to Basics 4 Cup Holders
7fe242ac-e844-4dfe-bfce-bde7f20b0c59	Jewelry	16G, 14G Professional Piercing Kit 36 Pieces (Belly Rings Dangle Tongue Tragus Eyebrow Nipple Lip Nose)
9ff710f7-896c-44b8-b379-9c2db5ea42e8	Jewelry	Nipple Rings no piercing pair Non-Piercing Clip On Nipple Ring Tribal Floral Pai
afadf913-abd4-436a-8ca8-270cb7eb404d	Kitchen	Hamilton Beach 56206 Smoothie Smart Blender
de48d136-7df1-4dc8-8410-18f0a97813cd	Kitchen	HeroNeo® 20pc Stainless Star Heart Flower Cookie Fruit Cutter Sporting Shape Biscuit Mold
281fb66f-8395-4cf1-9072-8064bc58d9cc	Jewelry	Leegoal Multi Vintage Colorful Crystal Peacock Bracelet Bangle
0c967875-3a6f-4aeb-b922-42c5a185aa94	Kitchen	PUR 18 Cup Dispenser with One Pitcher Filter
71b6e072-1597-4368-9ae9-f9204ce3acdb	Jewelry	Plumeria Flower Mood Necklace
0d7a1277-c653-4ebb-8524-2467712357ea	Jewelry	"Sterling Silver Family Infinity Pendant Necklace, 18"""
6247ac9f-ccf5-4df9-beac-e9af54d86ac0	Kitchen	DUXTOP 1800-Watt Portable Induction Cooktop Countertop Burner
13daf93c-ce61-4004-85ab-6c88c9f30279	Kitchen	Breville BEW600XL Hot Wok
58306131-9591-4793-b05f-eb98b7daa3a9	Jewelry	Oxford Ivy Braided Dark Brown Leather Mens Bracelet 8 mm 8 1/2 inches with Locking Stainless Steel Clasp
022ec213-2d13-41d0-b98c-0baf04d8e3d5	Jewelry	Bangle Bracelet with 3 rows of Sparkly Bling Bling Crystal Rhinestones
06517fdf-b7b0-4055-bee5-e45bd8c6bfef	Jewelry	316L Surgical Steel Bent Curved Barbell 6g 6 Gauge
e8a5850d-9849-48c8-a44f-9585a6923aa9	Kitchen	PUR 5 Cup Water Filter Pitcher CR-4000
a96ad8d7-01f2-4c1a-b429-2dd9c6b06476	Kitchen	Brimma Leak Proof Fruit Infuser Water Bottle, Large 32 Oz.
d17a38d6-058c-4861-b6d3-934517c7c909	Kitchen	silicone mold 2
eef6fbba-dcd7-4c51-8ce4-cd205c323924	Kitchen	Dots Flatware, Sold by the Dozen
26e053b5-910f-40ff-8231-a45162718084	Jewelry	JOVIVI® Rock Crystal Divination Quartz Healing Point Chakra Pendant Beads
124a8ac2-6ab3-4fee-8200-e0cf484d04ae	Kitchen	Bartelli Soft Edge Automatic Electric Can Opener - Red Battery Powered
a0321e36-efcc-4073-9f85-69092180e9ed	Jewelry	Mens Stylish Heavy Anchor Necklace in Stainless Steel
2019d0bf-b31d-4ad4-acb8-2657ff6db3c5	Jewelry	DianaL Boutique Tinkerbell Fairy Earrings Green Crystal Wings Gift Boxed Tinker Bell
4dba88e1-ac67-42c4-80f6-8dd3d449dd71	Kitchen	T-fal A85700 Specialty Nonstick One Egg Wonder Fry Pan, 4.75-Inch, Grey
163c0493-3b32-4bd1-8eb1-367c0d0e3039	Kitchen	Ninja Master Prep
ad89d9af-1227-436f-aec6-ddc963d8db4e	Kitchen	Creative Converting Ocean Preppy Boy Giant Birthday Party Banner with Stickers
e8dc5827-49b5-490d-9259-3f77425d2b2f	Kitchen	Viable Creations Handcrafted Bamboo Wooden Spoons with Cotton Muslin Bag - Set of 5
39052c68-6238-41a0-9085-201949e459ff	Jewelry	"JewelStop 14K Real Yellow Gold Blue Evil Eye Charm Pendant Necklace - 18"""
676a773f-c41c-4e59-bfec-9f7c15118007	Jewelry	World Pride Claw Talon Finger Rings False Nail Style, Set of 5
cd1fc09b-fb28-43a2-bc72-b3329b2a63ff	Kitchen	Miles Kimball Oven Crisper Pan
0e418a70-92ab-4310-9fee-d33efb795849	Jewelry	REAL LEAF Aspen Hook Earrings Gold Plated
60327006-34da-4c88-9b22-038b5b286eec	Kitchen	Reynolds Non-stick Foil 35 sq ft Roll (2 Pack)
94a47aff-7a93-494f-8f40-2eab54454e95	Jewelry	Grade 23 Solid Titanium Barbell with Balls (Sold Individually)
802f6d9c-614b-4f16-838a-73c7d98dfa21	Jewelry	Crystal Bridal Jewelry Sets Hotsale Necklace+earrings Classic Jewelry Wedding Accessory, Party Jewelry
36fff17d-3edb-4c54-8687-2070b05510d2	Kitchen	Progressive International PL8 Professional Mandolines
f5c79205-9269-4fcd-86b5-4267ae7af93c	Kitchen	De'Longhi America EN750MB Nespresso Lattissima Pro Machine
14ff5559-eb57-4f93-bd91-4aeba852f312	Kitchen	BUNN MCU Single Cup Multi-Use Home Coffee Brewer
a4b96feb-5a11-4209-bc7c-5f088dfc3a4b	Jewelry	14k Gold Endless Hoop Earrings
7712a1ec-0fbc-45b4-98ad-a8874f775fc9	Kitchen	16 Piece Indoor/Outdoor Melamine Dinnerware Set RED
037329a0-0954-427a-a707-6dfd58bb5044	Jewelry	10k Gold Earrings with Heart Cutouts
1de3492d-25a8-47ba-8160-c191fe671881	Jewelry	"Sterling Silver Amber Celtic Design Pendant Necklace , 18"""
9805d0d9-1519-4222-8af2-4df43d7d7b27	Jewelry	Created Green Opal Heart Pendant Necklace Sterling Silver 1.50 Carats
7be2d9b9-c7e1-48c3-aa23-83950cb2129e	Kitchen	Good Living Dishwasher-Safe Compact Ice Stick to Keep Drinks Chilled
6ba33425-261a-4008-ba50-63a3643cb3c4	Kitchen	Hamilton Beach 40865 Glass Electric Kettle, 1.7-Liter
56c4600d-cced-4aef-bf15-a23ddec388f1	Jewelry	1.75 Carat Black Princess Cut Cubic Zirconia CZ Sterling Silver Wedding Engagement Ring SZ 4
1d8d6ae5-fb0d-4dbc-b74c-94ffa839d779	Jewelry	925 Sterling Silver CZ Heart Pink Crystal Promise Engagement Band Ring
d1e92bcd-d3d2-4d8b-97f4-c171d85ac5df	Jewelry	Sterling Silver Five Plumeria Flower Necklace with Simulated Blue Opal
6f7ba9e7-60c9-4c6f-b672-3265d93310de	Jewelry	Black Onyx Women Earrings Handmade 925 Sterling Silver hand cut Black Onyx 24mm, color Black 3g, Nickel and Cadmium Free, artisan unique handcrafted silver earrings jewelry for women - one of a kind world wide item with original Black Onyx gemstone - only 1 piece available
d2d3e3ed-e6ff-4829-85d5-20ad40ae9663	Jewelry	STR-0070 Stainless Steel Pink Carbon Fiber Inlay Band Ring
abb75a7e-86b8-43be-9eb2-6f8e5ba25c3f	Kitchen	T-fal SW6100 EZ Clean Easy to Clean Nonstick Sandwich and Waffle Maker with Removable Dishwasher Safe Plates, 2-Slice, Silver
19b910d9-3253-4376-9f73-b1aec56ac263	Kitchen	Paderno World Cuisine Spiral Vegetable Slicer / Countertop-Mounted Plastic Spiralizer Basic incl. 3 Different Blades Made of Stainless Steel
393b2f3c-5158-420a-a2b1-23c1f08e966a	Kitchen	Tender Loving Meat Tenderizer 16 Blade, White with Stainless Steel Blades
fdf56656-1016-485f-a3bf-79da1aeafe6a	Jewelry	Genuine Screw Post 2.00 Carat Round Cubic Zirconia Earrings Basket Setting in 925 Sterling Silver
faf7f15e-80c8-45b2-9b69-4e466894676e	Jewelry	"Sterling Silver, Created Blue Sapphire, and Created White Sapphire Pendant Necklace, 18"""
cfbb8e61-d818-4bf6-9fc6-861068084631	Jewelry	Stainless Steel Pill Case Holder Cylinder Cremation Urn Memorial Pendant Necklace Keepsake -2.4mm
d3f57ceb-38c8-471f-82fd-31d7f31579fc	Jewelry	HIgh Polish 925 Sterling Silver Bar Necklace
3de731d5-4854-42c2-b00e-37b50ef2b232	Jewelry	Yazilind Vintage Blue Heart Stone Chandelier Dangle Drop Hook Alloy Earrings Women Gift
46fdf467-f36d-4f3a-a4bf-3ba42aba50e8	Kitchen	Wildkin Double Decker Lunch Bag
2b87b0cf-1f13-4574-b8a4-83773396ea5e	Jewelry	Leather Jewelry Bracelet Box
88f2e073-a32f-4c0f-b5a2-fcbed747a016	Jewelry	Pink Ribbon Jewelry Crystal Rhinestone Interesting Ribbon Charm Necklace N71Pink
f76f7b8d-de62-4776-a77f-06352cf7acc0	Jewelry	Yazilind Teardrop Tibetan Silver Teardrop Turquoise Drop Dangle Earrings
7bdca966-7a40-4190-ae6c-e878f088f048	Jewelry	Dxhycc 925 Sterling Silver Elegant Clip-on Button Style Floral Design Bracelet Bangle Jewellery
7e6eaffe-4e0a-4fcd-be65-528d18737ca1	Kitchen	"Vivree Kitchen Tongs Set - Salad & Grill Stainless Steel Serving Tongs with Silicone Tips - 7"", 9""&12"" - Tongs"
752b0d2c-adb6-4079-9af1-0fd9493090e3	Kitchen	Keurig Stainless Steel Travel Mug
3fe82b84-1230-45e1-9e70-71408b111458	Kitchen	Murano Glass Collection Swirl Design Wine Pourer/Stopper
95ed642c-6cb1-483f-99ae-a6937cb2b3fd	Jewelry	Inox Flattened Oval Stainless Steel Hoop Earrings
7cf32b45-0d0c-4e97-8063-3b2c4af73ffe	Kitchen	OXO Good Grips Turkey Baster
266fc420-775c-48c9-b13d-ed455a51fc2f	Jewelry	5MM Stainless Surgical Steel Twist Cable Magnet Bangle Cuff Bracelet
149b3fcc-7fcc-455a-9161-3167a9bd9f1f	Jewelry	Sterling Silver Genuine Blue Topaz and Created Blue Sapphire Cluster Stud Earrings
6d593b63-17d9-47d8-82c9-43de8072fae1	Jewelry	Bling Jewelry 316L Steel Simulated Opalite Belly Ring
ea3ed858-3342-4128-91cb-7724f2348772	Kitchen	XBH Silicone Jello Chocolate Pudding Baking Mould Cake Decoration DIY Car/Bike Style
4252f1c2-c976-4ba4-966d-30d2eabda9e1	Kitchen	Fred & Friends COOL BEANS Coffee Ice Tray
ebeb26cb-756a-4c60-a862-0d1f073832b5	Jewelry	INBLUE Men's Stainless Steel Pendant Necklace Silver Tone Cross -With 23 Inch Chain
54491e98-240f-4f17-aa4e-9278d32e83c0	Kitchen	Kikkerland Monkey Tea Infuser & Drip Tray
4bf73b45-efdf-4626-952a-12441dde9de8	Jewelry	STR-0032 Stainless Steel Black and Red Carbon Fiber Inlay Band Ring Size 5-14; Comes With Free Gift Box
0e114a73-5d8f-4aaf-980f-c0012acc3fd9	Jewelry	Body Accentz&trade; Earrings Rings Fake Cheater Cross Plug 16 gauge - Sold as a pair
5a0926db-e238-48e6-8d69-617a5d824c01	Kitchen	Twister Jar Opener
5b6718e1-2602-4daa-bced-c38b25005e19	Kitchen	Vikalis Premium Silicone Cutting Board - Durable, Nonslip, Heat Resistant Board for Chopping & Cutting - Blue
c0ccd086-6c02-4126-adfc-ce752a58115f	Jewelry	Catholic Women or Girls Glass Bead Rosary with White Zipper Vinyl Case
7966cd84-00c1-42b1-b48c-c7c3369b489b	Kitchen	Rubbermaid Easy Find Lids Glass Food Storage Container, 8-piece Set (2856008)
078f148e-1916-44fd-a7bf-e085af105329	Kitchen	Keurig Brewing System
8ff6533f-0dd9-44e4-a3b3-980abfb85edc	Kitchen	BUNN HG Phase Brew 8-Cup Home Coffee Brewer
63db975b-931e-430d-94fe-5bfda6bf2b96	Jewelry	Fossil Stainless Steel Teardrop Hoop Earrings
a4f82b2f-c7a5-48e0-aa60-83c58161745c	Jewelry	Gold-Tone Mint-Colored Teardrop Earrings
57dd90e3-bb58-4bce-a6de-d840095bccc2	Jewelry	TOOPOOT® Fashion Women Vintage Design Stack Above Knuckle Nail Ring Set of Six Rings
c21b34f1-16c7-4bba-9fa0-619061a791c8	Kitchen	KitchenAid KSM155GB 5 Qt. Artisan Design Series Stand Mixer
e61740ef-1e2d-44f8-a836-07cb14410de0	Kitchen	Best Wine Aerator Decanter. Significantly Better Taste In Seconds. Most Wanted Wine Accessories Gift
89300dbe-3d0a-48fa-8f15-4a26bc5aded1	Kitchen	"Most Popular Glittering Silver Round Wedding Cake Stand 18"" for Multi-layer Cake"
51632de9-8e43-4ae3-82f5-dd9460bda197	Jewelry	Heirloom Finds Faceted Black Glass Crystal Bead Bracelet with Pave Magnetic Clasp
8622060e-bc75-4cbf-8910-6cc23bdb8fdf	Jewelry	RevoLity Best Friends Forever Three Part Necklace, Friendship Necklace with the Beautiful Gift Bag
dd1c9b6c-c794-4987-b9d6-dc32d3772db4	Kitchen	Ideal Home Range 16 Count Boston International 3-Ply Paper Guest Towel Napkins, Linen Tea Rose
e03711d9-e0f9-4fe3-9dfd-abbb67c690c1	Kitchen	Breville BJS600XL Fountain Crush Masticating Slow Juicer
8b7ddba1-5ad6-4cce-b86f-6436388d2ab9	Kitchen	Set of 3 - 3 1/2 Gallon Food-grade White Bucket and Lid
0cf5e80a-8251-4169-a1fb-a06aa2251e2d	Kitchen	Lenox Butterfly Meadow Thermal Travel Mug, A
4ae031b9-7226-475b-9e27-9e069f35b7f8	Jewelry	Elegant Fashion Jewelry 925 Silver Plated Stud Dangle Earings Eardrop Shell With Purple Zircon
1518a8e6-721b-4a81-8140-e8e4532ffa02	Kitchen	Vandor 18051 Hello Kitty 16 oz Plastic Travel Mug, Pink
3b7157b3-1aa9-4611-96e4-67b86349876e	Kitchen	Sorbus® Silicone Fluted Mold Bunt Pan-Spiral
9c7577da-c2be-45f3-a75d-0dbfe6111969	Kitchen	Breville BOV650XL the Compact Smart Oven Stainless Steel
5a7236c9-9beb-4718-9397-68a6fca49260	Kitchen	Pretty in Pink Girl Chihuahua Glass Salt and Pepper Shaker Set with Holder Figurine in Dog Statues & Sculptures and Decorative Southwestern Kitchen Decor Gifts by Home-n-Gifts
71b6dd38-b9bb-49bb-a099-3d8f3d0aa07f	Jewelry	Sterling Silver Diamond Heart Ring (1/4 cttw, I-J Color, I3 Clarity)
ec1a3edf-76d3-4ec0-8659-9ec2be5e66c0	Kitchen	Ikea 102.710.91 Bygel Container
76fed137-afc9-4fa1-a24b-8bd6c9086244	Jewelry	Sterling Silver Anchor of My Soul Ring (Sizes 2-15)
2e79591c-0df4-475c-8e96-c7cae176c7e6	Jewelry	(Pack of 3) 20G Nose Piercing L - Shaped Ferido Ball 316L Surgical Steel Ring
c75989c7-7a46-4c92-a034-eda43f20dfa3	Jewelry	XOXO - Stainless Steel Magnetic Therapy Necklace
e1956382-2e2b-46cc-998e-5576e5d6ec61	Kitchen	Wilton W2811165 Glow in The Dark Candles, 3-Inch, Celebration, 10-Pack
1e5de174-a45c-47f3-b4ca-8d4cfc8a90dc	Kitchen	Bellemain Spice Gripper Clip Strips for Plastic Jars - Set of 3, Holds 12 Jars
42f0d511-9afb-4874-84a1-1660e08c2c5a	Kitchen	Cuisinart 12-Piece Knife Set
2c15e478-7764-43c7-8378-50f903c28b88	Kitchen	"TeChef - Color Pan 12"" Frying Pan"
6616ac79-b0df-470c-ba2e-9ab48fc03287	Jewelry	Hony Mk Logo Gold Small Lock Metal Chain Letters Bracelet Bracelet
9b8c4f91-8683-4924-a10b-2bcf9cd31e7c	Kitchen	C.R. Gibson Pocket Page Recipe Book by Lotta Jansdotter, Fresh
df4a557c-7be7-4cc1-ad94-4cbf5b4f1824	Kitchen	"Chalkboard Labels, Set of 40, Premium Reusable Waterproof Peel and Stick for Jars, Pantries, Canisters, Bottles - 2""x3.5"" Labels"
262612a3-7693-4291-b815-7534a8b2f832	Jewelry	"Gold IP Non-Piercing Septum Hanger 3/8"" (Sold Individually) & FREE ITEMS"
6dbf90e0-518d-4694-a41f-efce8cc67724	Jewelry	"Mens Stainless Steel Pill Cross Necklace Pendant - Black & Silver, 21"" Inches Chain"
2ee86bb4-bdde-4b09-a5c6-33776de29a05	Kitchen	The Keurig Rivo Cappuccino and Latte System
1ef31326-7983-43fd-87b4-5b51a3c00765	Kitchen	Glass Dharma Beautiful Bends Glass Straw
6ee1cda0-bbec-4709-8031-a107e8bb4434	Kitchen	Thermos Intak Hydration Water Bottle with Meter
e0a9c139-5739-4d7c-815e-4b75488374a9	Kitchen	Great deal HOT SALE Live Laugh Love Removable Wall Vinyl Quote Sticker Art Mural Decal Room
2c59cc9c-7a86-4df0-8b7c-a64027eba4c5	Jewelry	1 Pair of 00 Gauge (00G - 10mm) Cotton Candy Rosebud Black Acrylic Plugs
b95c9b15-d55a-4610-8e45-c4a2c6130356	Kitchen	Debbie Meyer 32 Piece UltraLite GreenBoxes - Green
4742e54c-6f9e-4059-b334-a7b1e6f967e1	Jewelry	King Will CLASSIC 8mm High Polished Center / Matte Finish Men's Tungsten Ring Wedding Band Comfort Fit
1ba88839-00a4-47c2-87b3-aff9fbe6449d	Jewelry	"Sterling Silver Open Twisted Star Pendant Necklace, 18"""
ad6e14a5-face-4281-a2f6-9d241276746d	Jewelry	Liroyal Crystal Peacock Bracelet
d5af638b-78a8-470b-ab77-cf66afeb8dab	Jewelry	Stainless Steel and Black IP 3 Pieces Cubic Zirconia Wedding Ring Set Size 5-10 SPJ
770450a8-1f52-4f43-b143-6de0748f4369	Kitchen	Misto Aluminum Olive Oil Sprayer
a1a95bf4-4786-421a-8b0b-a1b367b0174e	Jewelry	RUNRUN 2MM/2.4MM 316L Stainless Steel Bamboo Necklace Chain,Length 16''-32''
08f39e61-0914-4e3b-8344-684d02379680	Kitchen	Progressive GMMC-50 Microwave Plate Set, White, 9-3/4-In., 4-Pc.
28bccd02-2272-47c2-b666-9c1af9b605c9	Jewelry	"Stainless Steel Yellow Stirrup Link Bracelet, 7.75"""
872c6cd8-974b-417a-ae44-b085151359f2	Kitchen	Corn Kerneler Kitchen Tool
771d3df9-74bb-4afa-9fd1-f356f3a98495	Jewelry	14K Gold White Freshwater Cultured Pearl Stud Earrings - AAAA Quality
5f0999d7-7ef3-45ff-a8cd-ae77d448b104	Kitchen	Demeyere 4-Cup Egg Cooker/Poacher
866d4f6d-6471-478a-a32f-791750041f39	Jewelry	Huge 25MM Kite Hip Hop Earrings Iced-Out Gold Finish Screw Back Micro Pave
c3eb3913-fe60-476e-b265-bee406c7ec69	Kitchen	Chef's Star Smooth Edge Automatic Electric Can Opener  4 AA Batteries Are Included
da6778ea-e6e4-4b17-b7ec-5aa554f7dd2f	Kitchen	Paula Deen Signature Nonstick Cookware Set
29f9e887-f401-45e2-9b28-c1d2b7d384b8	Jewelry	Fashion Vintage Big Skull Pendant With Chain Necklace
150bd722-1fac-4517-99c6-df25e3eb0b10	Jewelry	"Children's Sterling Silver Swarovski-Created Birthstone Heart Necklace with Cultured Pearl, 14"""
3a71095f-5b80-42d4-9352-35dc90328ee9	Kitchen	BlenderBottle Classic Shaker Bottle
222e92eb-0fe5-47f9-8684-4e8bc9c91999	Kitchen	Mcusta Zanmai Classic 3.5-inch Paring Knife
2ee6efe6-a41f-40a4-bf51-4c654906dd2e	Kitchen	Wilton Sparkling Sugar
78a7b74e-dd4e-4ef4-9818-2ec1f25b149d	Jewelry	"Kenneth Cole New York ""Teal Petrol"" Mixed Geometric Faceted Bead Necklace"
195c681f-d101-460d-8714-dda45eb4a4ef	Kitchen	Jack LaLanne JLPJB Power Juicer Juicing Machine
5a415c97-1263-49d6-a511-66672090a32f	Jewelry	Joystore Elegant Fashion Jewelry 925 Silver Plated Stud Dangle Earings Eardrop Skeleton Big Rose
f4f47c3e-bd82-4fe6-a8fa-27e72f0d4d10	Kitchen	Bormioli Rocco Rolly Jug with Ice Container and Red Lid, 87-1/4-Ounce
cc547c9b-2aa9-4687-9a47-c6b2e652a5aa	Jewelry	Qiyun Faceted Crystal Oval Tear Drop Bead Eye Shape Design Pendant Link Necklace
c36bbb95-a45c-4748-96bf-62ec0f1846e5	Jewelry	Nicerocker Hot New Fashion Colorful Jewelry Aureate Drip Hot Air Balloon Pendant Long Necklace
9b38ce05-d944-467f-b881-7c5af8c52376	Jewelry	"Myia Passiello ""Timeless"" Swarovski Zirconia 3 Carat Each Round Stud Earrings"
4e2e0f47-7237-4a78-9726-ebb220ba9e25	Jewelry	Alex and Ani Living Water Charm Bangle Rafaelian Gold Finish Bracelet, CBD12LWRG
91e068a8-bbde-423a-9d2c-8b10bd2ae3e3	Jewelry	"Pro Jewelry .925 Sterling Silver ""Teacher's Apple w/ Pink Enamel Leaf"" Charm Bead for Snake Chain Charm Bracelet"
03fa3a18-1846-4e77-ab3f-bdcdcf9e4513	Jewelry	Sterling Silver Necklace Music Note Symbol: Heart of Treble and Bass Clefs Pendant © with Polishing Cloth
f823b09f-e6a5-40c2-ab6f-8409e8bd5c6b	Kitchen	Zipzicle Ice Pop Molds
0a7c3e45-a112-42b6-a827-f77f5ad91ae9	Jewelry	Titanium Domed Hawaiian Koa Wood Inlay Ring 8MM
b269d473-151f-48d7-b9d1-5a755a327403	Kitchen	Kuhn Rikon Corn Zipper
ae174371-0ac0-4a15-8470-b4fcf4ff9ab8	Jewelry	"Pu Leather Bracelet Triple Band Skull, 8.5"""
c25e523f-0b6e-4724-9660-2d954767ad3c	Kitchen	T-fal FR4049 Family Pro 3-Liter Oil Capacity Electric Deep Fryer with Stainless Steel Waffle, 2.6-Pound, Silver
9f797c06-e168-4e6d-b77a-10ce1ceb73bc	Jewelry	INBLUE men's Large Stainless Steel Ring Silver Cross Biker Vintage
65312d76-18f4-4157-b7d9-2bf795fc298b	Kitchen	Infuser Water Bottle (Orange)
eadc7bee-77e9-46cf-b46a-21606e58a6ed	Kitchen	Presto 04212 4-in-1 Clock/Timer
5b999de3-7248-4395-aaca-d56f42cef495	Jewelry	.925 Sterling Silver Princess Cut Cubic Zirconia Wedding Ring Set
4b3243ea-c27d-4d9e-9c6f-d219cd266d31	Kitchen	Wusthof Silverpoint II 2-Piece Santoku Knife and Sharpener Set
88aaf95c-9ee6-4c5f-acbc-cec905f851c0	Jewelry	EVER FAITH Austrian Crystal Elegant Rose Flower Leaf Teardrop Neckalce Earrings Set Multocolor Gold-Tone
8059a81f-a5d5-4d59-a8cb-f365ca7a2f00	Kitchen	Cuisinart DLC-2A Mini Prep Plus 3-Cup 250-Watt Food Processor
7fa25888-6a85-4eda-8510-ca0b8094b9bf	Jewelry	"Kenneth Cole New York ""Pebble Beach"" Mixed Bead Friendship Adjustable Bracelet"
d1d4442b-8f6e-479d-a780-eb800a0a6fda	Kitchen	Hamilton Beach 22444 SmartToast Extra-Wide Slot Toaster
1fbfbbf9-bf62-4ee9-9083-c9808a85ac7d	Kitchen	Aroma Housewares ARC-914SBD Digital Cool-Touch Rice Cooker and Food Steamer,  8-Cup (Cooked), Silver
700664e4-d8ef-4a07-98d4-cd8e75535d97	Kitchen	Housweety Yarn/fiber/wool/string Ball Winder Hand-operated
1f3f51e2-b970-4360-831b-64e052c1f03b	Kitchen	Kinetic GoGreen Classicor Wrought Iron Oval Pot Rack
3b9136af-e6f4-4fe8-bee1-a3a64ca054e7	Kitchen	HomeFlav Kitchen Timer
d4778c2e-9cea-4443-b0fd-615f13e4a5ec	Kitchen	Hamilton Beach 51101BA Personal Blender with Travel Lid, Black
f8ff7ad0-0eb8-4d69-9fdd-d87aecbb0d27	Kitchen	KRUPS F203 Electric Spice and Coffee Grinder with Stainless Steel Blades, 3-Ounce, Black
10327f41-cc0a-4c2e-ba62-203be668a4e3	Kitchen	BUILT NY Gourmet Getaway Neoprene Mini Snack Tote
4104232d-98fa-428c-b565-dd7f85792121	Kitchen	Sun's Tea (TM) 9 oz Strong Double Wall Manhattan Style old-fashioned Vodka/Scotch/Whiskey Glasses, Set of 2
d560b147-9920-4cd3-aa4d-299a3514431b	Kitchen	Ateco Professional Maple Rolling Pin
c10ed89e-4a99-4fc7-b82d-b0b400d6014d	Jewelry	Beautiful White Cone Puka Shells Surfer Necklace with FREE Matching Bracelet
bed0ab71-557d-40d5-b4a7-8a63cdd30661	Jewelry	"Sterling Silver Yellow CZ By The Yard Stations Anklet Bracelet 10"""
8cf0b389-3033-49e3-88e8-79fc5c3aa13a	Jewelry	Fashion Wedding Bridal Clear Faux Pearl Rhinestone 5 Rows Stretch Elastic Bangle Bracelet
f3f0bd20-5ed9-4220-b838-b28d7df0c7f1	Jewelry	Dogeared New Beginnings Lotus Necklace, Gold Dipped
9b8b611b-05c6-4012-9c37-7fd6bf02e8fb	Jewelry	2.00 carat VVS1 round Engagement Ringing 18k Gold over silver (7.5)
569af6de-d51f-419b-be01-45c9bfc29294	Kitchen	Under Armour 64 oz. Insulated Water Bottle
c70cf489-22bf-4912-9fd9-a387cf15e0f0	Jewelry	Sterling Silver Princess Cut Light Blue & Olive Green Cubic Zirconia CZ Ring
c910b932-fbd4-4a5d-beaf-89054c3cc5df	Kitchen	Applica/Spectrum Brands G48TD Waffle Maker/Griddle, Stainless Steel, 1200-Watt
067fda12-a898-4d12-846c-0a98d42734b6	Kitchen	Miles Kimball Black Banana Holder Tree
c2273fa4-8a03-4fa3-b97e-c1ef73e976c4	Jewelry	Men's Stainless Steel Wood Inlay Cuff Bracelet
8cb52bf5-2c86-4e17-a063-6c85207ba922	Jewelry	Pro Jewelry 925 Sterling Silver Birthstone July Ruby Red Crystal Spacer Bead
69068ffd-f995-4f4b-baf9-1698fc4b9a12	Kitchen	Wilton Recipe Right Oblong Pan with Cover
ae255001-97fb-4959-93f6-fc05d2d1b1e0	Jewelry	Beads Hunter (Set of 2) Sterling Silver Crystal Stone Round Ball Beads (Blue)
6b1c35c1-83f9-425f-8c11-3df32bd7de43	Kitchen	Pre-Programmed Digital Meat Thermometer - Instant Probe Read -5 BBQ Cooking Program - Dad Birthday Gift Idea
802f4ee7-b017-4c39-b9d5-7321496f07a6	Kitchen	Keurig K45 Elite Coconut White Single Cup Home Brewing System
90659100-f58e-415e-a389-9d8fa84204b5	Jewelry	20mm 14k Gold Plated Hip Hop Jumbo Dookie Rope Chain Necklace + Microfiber Jewelry Polishing Cloth
3e1d6e5a-992d-4c0b-b361-ef2a9df6d688	Kitchen	Bormioli Rocco Airtight Jar
02048d7b-5d70-437e-a23c-ca5cbcfbd357	Jewelry	"BodFx ""Marble Man"" 72 Piece Complete Ear Stretching Kit. 14g-00g"
883b7378-f733-4f73-9910-c6a82170d882	Jewelry	"Sterling Silver Oxidized Celtic Tree of Life Pendant Necklace, 18"""
ccfec946-c11e-43f4-ae0b-cb2fa616eaa2	Jewelry	Comos Parrty Office Flower Small Faux Pearl Pin Crystal Brooch White
aa0101e5-7d3c-4560-82f5-12c047f4651b	Kitchen	Reusable Premium Metal Filters by Slimm Filter for Use in the AeroPress Coffee Maker, Package of 2 Filters
5420f885-e52f-4cde-8b11-876110299ae5	Jewelry	Sterling Silver Round Cut Cubic Zirconia Stud Earrings
7982ffce-b3c8-4dab-a1a2-e3cd429fea78	Kitchen	California Home Goods CHG-IT1 2-Inch Silicone Ice Cube Tray (3 Pack)
6ba86d0a-d5f4-4660-98c1-4d31f5dbe817	Kitchen	Gourmet Basics by Mikasa Countryside 2-Tier Flat-Back Metal Basket, Antique Black
0a8e8485-dee6-4cbf-9803-7413ace20c97	Kitchen	Englewood Marketing Group BJX-5 Jumbo Jerky Works Kit
3e78b304-b02f-426c-9e2a-287593aea1e8	Jewelry	"Sterling Silver Front-Back Cubic Zirconia 2mm Hoop Earrings (2"" Diameter, 7.2 cttw)"
a95739cd-aa4f-4cbd-b752-b6c1f583f62b	Jewelry	Honey Amber Sterling Silver Small Square Stud Earrings
ab4d76ae-ed22-4630-9afc-d0db02949c03	Jewelry	Mixi Multicolor Rope Leather Bracelets Fashion Adjustable Rope Wristband Cuff Bracelet
73c6f830-7d7c-4ed5-9805-15baa3de97fe	Kitchen	Pelican 45 Quart Elite Ice Chest Cooler, White
cbb67e27-5c16-43f1-a725-a94e52922264	Kitchen	Keurig K45 Elite Coconut White Single Cup Home Brewing System
bbda2255-009f-4e54-ba4a-7f0df689a3a9	Kitchen	Rollie Hands-Free Automatic Electric Vertical Nonstick Easy Quick Egg Cooker
6a119ac0-8a06-4cd1-85bb-46dc64c388b7	Kitchen	bubba 34 oz travel mug classic fuchsia
7aedf762-f413-4b5c-820e-20965e99e9da	Jewelry	"Alex and Ani ""Charity By Design"" Best Friends Bangle Bracelet, Set Of 2"
838a9902-f7af-4414-ac03-0ec2da33a174	Jewelry	Nose Ring Hoop Set 18 Gauge (1mm) 3/8 Inch Length (10mm) 12 Pieces - 6 Pairs
1685a6a2-a482-4d5c-bbfa-beff6f31a36c	Kitchen	Refrigerator or Freezer Thermostat (Temperature Controller)
7cd5891e-b4a7-4765-8879-5bddfc1eae40	Kitchen	Kotobuki Condiment Containers for Bento Box, Mini
28cc0d9d-2ff0-45ee-ade0-c182b4ec5e1a	Kitchen	Aladdin 3 Classic Mason Jar Tumblers w/Straws & Lids Purple Turquoise Red 20 Oz
af1cb938-5a85-44d6-929e-7d0683086f1a	Jewelry	10k Gold Swarovski Zirconia Studs (1 cttw)
c78044fe-d5d7-4132-a1ed-af4359b2a6d1	Jewelry	Sorrelli Luxurious Emerald-Cut Cocktail Ring
2b8c9707-0b88-4ca5-b5c6-5c286e6d001f	Jewelry	Lot of 20 Multi Crystals Nose Rings Bone Nose Stud Bar Barbell Piercing 0.8mm
661302d8-c7de-418b-9d03-3fc0217b46b2	Kitchen	Standard Butter Dish(Colors May Vary)
4605d3bb-a3ef-4c14-a5d8-8ee49634cc0e	Kitchen	Whiskey Stones - Yukiss? Set of 8 with Plastic Storage Box Tongs, Stainless Steel Reusable Wine Ice Cubes, Best Whiskey Chiller, Greatest Whiskey Chilling Rocks, Whisky Stones and Sipping Stones
bc7e479f-c4c0-40f6-973c-4eaa5ae680a9	Jewelry	AGS Certified 3/4 Carat TW Diamond Halo Engagement Ring in 14K White Gold (K-L Color, I2-I3 Clarity)
df4fb301-6c31-4c99-8977-0a8c7801bc19	Jewelry	JY Jewelry Band Gold Tone Headpiece Chain Hairband BOHO Charm Band Hair
c7f3f86a-1de7-4ee4-8b75-96228b9d6bba	Jewelry	Jane Stone Fashion Necklace Yellow Bubble Beaded Necklace Bib Statement Necklace Bridesmaid Wedding Necklace (Fn0627-Yellow)
3a9eaa75-41fe-4140-b7bb-c8f70badfcf7	Kitchen	Chef'n VeggiChop Hand-Powered Food Chopper
002c7a2c-d07b-40e4-83d2-140d18db5387	Kitchen	Blank Arrow Yard Sign (blank w/red border) Party Accessory  (1 count)
fc151034-9330-40d6-8dce-8207ec78c3bf	Kitchen	George Foreman GRP1060B 4 Serving Removable Plate Grill, Black
ca944bb8-fe2b-444f-92dc-4726e434c197	Kitchen	New Star Foodservice 43204 Commercial Grade French Fry Cutter with Suction Feet, 1/2 Inch and 3/8 Inch Blades, Limited Edition Black
737082ee-9363-4c80-98ef-1f2cd25a27d1	Jewelry	Body Accentz&reg; 316L Nose Screw Bonus Pack with 5 Assorted 2mm Gem 18g
b7856c82-500f-4cbc-a790-4a931a20f8c5	Kitchen	OXO Good Grips Classic Tea Kettle, Brushed Stainless
877bf80b-f1fc-42f9-9d8b-8b7f523d426d	Kitchen	Tupperware Sheerly Elegant Pitcher
212ef621-603f-4911-9c36-8d0f369250c7	Kitchen	Emsa Perfect Beaker
c0eddca4-8ad8-4ca5-9ab1-404050dde240	Kitchen	Thermos ELEMENT5 16-Ounce Food Jar
d8969393-3567-4cc7-a979-2373c8725738	Kitchen	Farberware Classic 17-Piece Tool and Gadget Set
